week_start,keyword_group,device_type,match_type,impressions,clicks,spend,avg_cpc
2025-01-06,health_insurance,Desktop,Exact,1615,79,460.57,5.83
2025-01-06,health_insurance,Desktop,Phrase,1417,91,272.09,2.99
2025-01-06,health_insurance,Desktop,Broad,376,42,80.22,1.91
2025-01-06,health_insurance,Smartphone,Exact,432,39,126.36,3.24
2025-01-06,health_insurance,Smartphone,Phrase,551,30,91.2,3.04
2025-01-06,health_insurance,Smartphone,Broad,858,58,98.02,1.69
2025-01-06,health_insurance,Tablet,Exact,535,34,128.52,3.78
2025-01-06,health_insurance,Tablet,Phrase,406,28,85.4,3.05
2025-01-06,health_insurance,Tablet,Broad,814,36,57.24,1.59
2025-01-06,private_insurance,Desktop,Exact,182,20,62.0,3.1
2025-01-06,private_insurance,Desktop,Phrase,281,16,61.76,3.86
2025-01-06,private_insurance,Desktop,Broad,274,23,19.09,0.83
2025-01-06,private_insurance,Smartphone,Exact,1132,69,202.17,2.93
2025-01-06,private_insurance,Smartphone,Phrase,820,56,108.08,1.93
2025-01-06,private_insurance,Smartphone,Broad,784,59,113.87,1.93
2025-01-06,private_insurance,Tablet,Exact,123,7,22.61,3.23
2025-01-06,private_insurance,Tablet,Phrase,563,36,129.96,3.61
2025-01-06,private_insurance,Tablet,Broad,712,35,83.3,2.38
2025-01-06,general_insurance,Desktop,Exact,351,31,87.11,2.81
2025-01-06,general_insurance,Desktop,Phrase,1343,92,212.52,2.31
2025-01-06,general_insurance,Desktop,Broad,1952,80,144.0,1.8
2025-01-06,general_insurance,Smartphone,Exact,717,69,303.6,4.4
2025-01-06,general_insurance,Smartphone,Phrase,198,24,45.84,1.91
2025-01-06,general_insurance,Smartphone,Broad,204,18,37.98,2.11
2025-01-06,general_insurance,Tablet,Exact,720,36,192.6,5.35
2025-01-06,general_insurance,Tablet,Phrase,402,22,76.56,3.48
2025-01-06,general_insurance,Tablet,Broad,561,25,59.0,2.36
2025-01-13,health_insurance,Desktop,Exact,245,27,98.82,3.66
2025-01-13,health_insurance,Desktop,Phrase,792,41,129.97,3.17
2025-01-13,health_insurance,Desktop,Broad,1569,68,127.84,1.88
2025-01-13,health_insurance,Smartphone,Exact,1814,74,284.16,3.84
2025-01-13,health_insurance,Smartphone,Phrase,210,12,40.8,3.4
2025-01-13,health_insurance,Smartphone,Broad,388,23,37.72,1.64
2025-01-13,health_insurance,Tablet,Exact,185,12,34.68,2.89
2025-01-13,health_insurance,Tablet,Phrase,564,30,47.4,1.58
2025-01-13,health_insurance,Tablet,Broad,594,30,52.8,1.76
2025-01-13,private_insurance,Desktop,Exact,704,41,189.42,4.62
2025-01-13,private_insurance,Desktop,Phrase,456,49,101.43,2.07
2025-01-13,private_insurance,Desktop,Broad,2021,88,174.24,1.98
2025-01-13,private_insurance,Smartphone,Exact,957,51,271.83,5.33
2025-01-13,private_insurance,Smartphone,Phrase,175,15,39.6,2.64
2025-01-13,private_insurance,Smartphone,Broad,527,39,89.7,2.3
2025-01-13,private_insurance,Tablet,Exact,415,35,101.15,2.89
2025-01-13,private_insurance,Tablet,Phrase,489,35,52.5,1.5
2025-01-13,private_insurance,Tablet,Broad,100,6,4.86,0.81
2025-01-13,general_insurance,Desktop,Exact,454,23,96.6,4.2
2025-01-13,general_insurance,Desktop,Phrase,738,68,143.48,2.11
2025-01-13,general_insurance,Desktop,Broad,1057,53,89.04,1.68
2025-01-13,general_insurance,Smartphone,Exact,1729,71,418.9,5.9
2025-01-13,general_insurance,Smartphone,Phrase,629,48,131.52,2.74
2025-01-13,general_insurance,Smartphone,Broad,1193,65,55.9,0.86
2025-01-13,general_insurance,Tablet,Exact,42,5,19.7,3.94
2025-01-13,general_insurance,Tablet,Phrase,52,5,10.5,2.1
2025-01-13,general_insurance,Tablet,Broad,452,26,40.56,1.56
2025-01-20,health_insurance,Desktop,Exact,1428,100,278.0,2.78
2025-01-20,health_insurance,Desktop,Phrase,470,33,109.56,3.32
2025-01-20,health_insurance,Desktop,Broad,2231,102,150.96,1.48
2025-01-20,health_insurance,Smartphone,Exact,336,25,135.5,5.42
2025-01-20,health_insurance,Smartphone,Phrase,1784,79,255.96,3.24
2025-01-20,health_insurance,Smartphone,Broad,1366,68,79.56,1.17
2025-01-20,health_insurance,Tablet,Exact,134,14,52.08,3.72
2025-01-20,health_insurance,Tablet,Phrase,352,21,52.29,2.49
2025-01-20,health_insurance,Tablet,Broad,102,5,9.75,1.95
2025-01-20,private_insurance,Desktop,Exact,1741,76,436.24,5.74
2025-01-20,private_insurance,Desktop,Phrase,437,20,63.0,3.15
2025-01-20,private_insurance,Desktop,Broad,2219,89,110.36,1.24
2025-01-20,private_insurance,Smartphone,Exact,483,21,93.45,4.45
2025-01-20,private_insurance,Smartphone,Phrase,358,18,39.6,2.2
2025-01-20,private_insurance,Smartphone,Broad,178,12,27.12,2.26
2025-01-20,private_insurance,Tablet,Exact,198,21,99.75,4.75
2025-01-20,private_insurance,Tablet,Phrase,402,22,82.5,3.75
2025-01-20,private_insurance,Tablet,Broad,182,17,13.77,0.81
2025-01-20,general_insurance,Desktop,Exact,1851,97,477.24,4.92
2025-01-20,general_insurance,Desktop,Phrase,539,65,126.1,1.94
2025-01-20,general_insurance,Desktop,Broad,600,29,39.15,1.35
2025-01-20,general_insurance,Smartphone,Exact,326,17,92.99,5.47
2025-01-20,general_insurance,Smartphone,Phrase,699,42,120.12,2.86
2025-01-20,general_insurance,Smartphone,Broad,760,31,37.51,1.21
2025-01-20,general_insurance,Tablet,Exact,561,30,168.6,5.62
2025-01-20,general_insurance,Tablet,Phrase,267,15,41.4,2.76
2025-01-20,general_insurance,Tablet,Broad,428,36,81.72,2.27
2025-01-27,health_insurance,Desktop,Exact,622,74,257.52,3.48
2025-01-27,health_insurance,Desktop,Phrase,1868,75,120.75,1.61
2025-01-27,health_insurance,Desktop,Broad,1177,50,121.0,2.42
2025-01-27,health_insurance,Smartphone,Exact,702,46,264.5,5.75
2025-01-27,health_insurance,Smartphone,Phrase,1529,62,181.66,2.93
2025-01-27,health_insurance,Smartphone,Broad,809,72,95.04,1.32
2025-01-27,health_insurance,Tablet,Exact,228,21,75.81,3.61
2025-01-27,health_insurance,Tablet,Phrase,379,17,42.33,2.49
2025-01-27,health_insurance,Tablet,Broad,366,38,67.26,1.77
2025-01-27,private_insurance,Desktop,Exact,747,53,257.05,4.85
2025-01-27,private_insurance,Desktop,Phrase,620,46,103.04,2.24
2025-01-27,private_insurance,Desktop,Broad,1082,54,55.62,1.03
2025-01-27,private_insurance,Smartphone,Exact,1044,48,169.44,3.53
2025-01-27,private_insurance,Smartphone,Phrase,1387,59,216.53,3.67
2025-01-27,private_insurance,Smartphone,Broad,345,16,26.4,1.65
2025-01-27,private_insurance,Tablet,Exact,545,37,101.75,2.75
2025-01-27,private_insurance,Tablet,Phrase,151,11,41.03,3.73
2025-01-27,private_insurance,Tablet,Broad,718,37,57.35,1.55
2025-01-27,general_insurance,Desktop,Exact,1343,78,322.14,4.13
2025-01-27,general_insurance,Desktop,Phrase,340,40,119.2,2.98
2025-01-27,general_insurance,Desktop,Broad,1039,79,68.73,0.87
2025-01-27,general_insurance,Smartphone,Exact,1523,69,251.16,3.64
2025-01-27,general_insurance,Smartphone,Phrase,1282,69,140.76,2.04
2025-01-27,general_insurance,Smartphone,Broad,870,77,171.71,2.23
2025-01-27,general_insurance,Tablet,Exact,289,28,138.6,4.95
2025-01-27,general_insurance,Tablet,Phrase,201,12,47.28,3.94
2025-01-27,general_insurance,Tablet,Broad,280,19,16.53,0.87
2025-02-03,health_insurance,Desktop,Exact,336,36,145.44,4.04
2025-02-03,health_insurance,Desktop,Phrase,1824,92,330.28,3.59
2025-02-03,health_insurance,Desktop,Broad,138,13,14.17,1.09
2025-02-03,health_insurance,Smartphone,Exact,412,43,143.62,3.34
2025-02-03,health_insurance,Smartphone,Phrase,205,10,38.9,3.89
2025-02-03,health_insurance,Smartphone,Broad,1469,72,110.88,1.54
2025-02-03,health_insurance,Tablet,Exact,533,38,128.06,3.37
2025-02-03,health_insurance,Tablet,Phrase,315,33,77.55,2.35
2025-02-03,health_insurance,Tablet,Broad,631,28,24.36,0.87
2025-02-03,private_insurance,Desktop,Exact,975,101,420.16,4.16
2025-02-03,private_insurance,Desktop,Phrase,1027,74,260.48,3.52
2025-02-03,private_insurance,Desktop,Broad,989,41,36.08,0.88
2025-02-03,private_insurance,Smartphone,Exact,355,43,146.63,3.41
2025-02-03,private_insurance,Smartphone,Phrase,631,28,77.28,2.76
2025-02-03,private_insurance,Smartphone,Broad,1440,78,152.88,1.96
2025-02-03,private_insurance,Tablet,Exact,89,5,12.95,2.59
2025-02-03,private_insurance,Tablet,Phrase,283,16,51.04,3.19
2025-02-03,private_insurance,Tablet,Broad,362,21,33.18,1.58
2025-02-03,general_insurance,Desktop,Exact,657,27,103.95,3.85
2025-02-03,general_insurance,Desktop,Phrase,615,67,133.33,1.99
2025-02-03,general_insurance,Desktop,Broad,681,71,58.93,0.83
2025-02-03,general_insurance,Smartphone,Exact,842,44,161.92,3.68
2025-02-03,general_insurance,Smartphone,Phrase,482,35,112.0,3.2
2025-02-03,general_insurance,Smartphone,Broad,317,16,16.0,1.0
2025-02-03,general_insurance,Tablet,Exact,286,19,50.16,2.64
2025-02-03,general_insurance,Tablet,Phrase,456,22,42.68,1.94
2025-02-03,general_insurance,Tablet,Broad,735,36,64.08,1.78
2025-02-10,health_insurance,Desktop,Exact,1229,58,220.4,3.8
2025-02-10,health_insurance,Desktop,Phrase,737,42,154.14,3.67
2025-02-10,health_insurance,Desktop,Broad,560,27,41.31,1.53
2025-02-10,health_insurance,Smartphone,Exact,646,39,220.74,5.66
2025-02-10,health_insurance,Smartphone,Phrase,321,22,82.28,3.74
2025-02-10,health_insurance,Smartphone,Broad,470,21,51.03,2.43
2025-02-10,health_insurance,Tablet,Exact,217,9,32.58,3.62
2025-02-10,health_insurance,Tablet,Phrase,562,30,87.9,2.93
2025-02-10,health_insurance,Tablet,Broad,529,39,50.7,1.3
2025-02-10,private_insurance,Desktop,Exact,1713,80,421.6,5.27
2025-02-10,private_insurance,Desktop,Phrase,718,80,219.2,2.74
2025-02-10,private_insurance,Desktop,Broad,311,18,36.9,2.05
2025-02-10,private_insurance,Smartphone,Exact,531,27,159.03,5.89
2025-02-10,private_insurance,Smartphone,Phrase,651,67,204.35,3.05
2025-02-10,private_insurance,Smartphone,Broad,188,16,24.32,1.52
2025-02-10,private_insurance,Tablet,Exact,180,9,48.42,5.38
2025-02-10,private_insurance,Tablet,Phrase,83,7,19.46,2.78
2025-02-10,private_insurance,Tablet,Broad,114,8,11.52,1.44
2025-02-10,general_insurance,Desktop,Exact,817,33,192.06,5.82
2025-02-10,general_insurance,Desktop,Phrase,320,16,38.08,2.38
2025-02-10,general_insurance,Desktop,Broad,629,36,76.32,2.12
2025-02-10,general_insurance,Smartphone,Exact,458,28,80.92,2.89
2025-02-10,general_insurance,Smartphone,Phrase,389,22,55.22,2.51
2025-02-10,general_insurance,Smartphone,Broad,289,29,29.0,1.0
2025-02-10,general_insurance,Tablet,Exact,430,24,122.64,5.11
2025-02-10,general_insurance,Tablet,Phrase,564,35,87.5,2.5
2025-02-10,general_insurance,Tablet,Broad,200,17,38.76,2.28
2025-02-17,health_insurance,Desktop,Exact,467,19,100.89,5.31
2025-02-17,health_insurance,Desktop,Phrase,1620,70,112.7,1.61
2025-02-17,health_insurance,Desktop,Broad,1419,58,100.92,1.74
2025-02-17,health_insurance,Smartphone,Exact,315,27,83.16,3.08
2025-02-17,health_insurance,Smartphone,Phrase,448,24,63.36,2.64
2025-02-17,health_insurance,Smartphone,Broad,105,12,27.96,2.33
2025-02-17,health_insurance,Tablet,Exact,89,10,58.6,5.86
2025-02-17,health_insurance,Tablet,Phrase,203,16,48.8,3.05
2025-02-17,health_insurance,Tablet,Broad,308,22,34.98,1.59
2025-02-17,private_insurance,Desktop,Exact,1073,76,260.68,3.43
2025-02-17,private_insurance,Desktop,Phrase,803,94,247.22,2.63
2025-02-17,private_insurance,Desktop,Broad,985,54,81.0,1.5
2025-02-17,private_insurance,Smartphone,Exact,353,38,112.86,2.97
2025-02-17,private_insurance,Smartphone,Phrase,305,15,58.05,3.87
2025-02-17,private_insurance,Smartphone,Broad,526,56,132.16,2.36
2025-02-17,private_insurance,Tablet,Exact,166,19,105.07,5.53
2025-02-17,private_insurance,Tablet,Phrase,339,21,72.24,3.44
2025-02-17,private_insurance,Tablet,Broad,601,29,41.76,1.44
2025-02-17,general_insurance,Desktop,Exact,1958,88,479.6,5.45
2025-02-17,general_insurance,Desktop,Phrase,120,13,19.89,1.53
2025-02-17,general_insurance,Desktop,Broad,2519,101,252.5,2.5
2025-02-17,general_insurance,Smartphone,Exact,1261,62,282.1,4.55
2025-02-17,general_insurance,Smartphone,Phrase,298,26,54.6,2.1
2025-02-17,general_insurance,Smartphone,Broad,183,10,24.2,2.42
2025-02-17,general_insurance,Tablet,Exact,730,35,194.95,5.57
2025-02-17,general_insurance,Tablet,Phrase,208,21,50.4,2.4
2025-02-17,general_insurance,Tablet,Broad,273,17,28.05,1.65
2025-02-24,health_insurance,Desktop,Exact,337,15,64.8,4.32
2025-02-24,health_insurance,Desktop,Phrase,769,81,317.52,3.92
2025-02-24,health_insurance,Desktop,Broad,1373,85,153.0,1.8
2025-02-24,health_insurance,Smartphone,Exact,593,32,164.48,5.14
2025-02-24,health_insurance,Smartphone,Phrase,1751,75,263.25,3.51
2025-02-24,health_insurance,Smartphone,Broad,1019,73,59.86,0.82
2025-02-24,health_insurance,Tablet,Exact,181,19,84.36,4.44
2025-02-24,health_insurance,Tablet,Phrase,469,30,86.1,2.87
2025-02-24,health_insurance,Tablet,Broad,430,19,35.34,1.86
2025-02-24,private_insurance,Desktop,Exact,284,18,95.22,5.29
2025-02-24,private_insurance,Desktop,Phrase,408,33,90.09,2.73
2025-02-24,private_insurance,Desktop,Broad,1653,101,249.47,2.47
2025-02-24,private_insurance,Smartphone,Exact,483,52,173.68,3.34
2025-02-24,private_insurance,Smartphone,Phrase,338,32,58.24,1.82
2025-02-24,private_insurance,Smartphone,Broad,277,25,47.25,1.89
2025-02-24,private_insurance,Tablet,Exact,731,32,126.08,3.94
2025-02-24,private_insurance,Tablet,Phrase,196,18,57.06,3.17
2025-02-24,private_insurance,Tablet,Broad,326,30,26.1,0.87
2025-02-24,general_insurance,Desktop,Exact,627,66,205.92,3.12
2025-02-24,general_insurance,Desktop,Phrase,182,13,36.92,2.84
2025-02-24,general_insurance,Desktop,Broad,1175,71,100.82,1.42
2025-02-24,general_insurance,Smartphone,Exact,516,54,196.02,3.63
2025-02-24,general_insurance,Smartphone,Phrase,525,56,171.92,3.07
2025-02-24,general_insurance,Smartphone,Broad,579,72,103.68,1.44
2025-02-24,general_insurance,Tablet,Exact,455,22,117.04,5.32
2025-02-24,general_insurance,Tablet,Phrase,428,30,60.6,2.02
2025-02-24,general_insurance,Tablet,Broad,156,11,20.35,1.85
2025-03-03,health_insurance,Desktop,Exact,120,14,71.68,5.12
2025-03-03,health_insurance,Desktop,Phrase,1653,84,153.72,1.83
2025-03-03,health_insurance,Desktop,Broad,698,41,68.47,1.67
2025-03-03,health_insurance,Smartphone,Exact,460,27,109.89,4.07
2025-03-03,health_insurance,Smartphone,Phrase,492,24,42.24,1.76
2025-03-03,health_insurance,Smartphone,Broad,498,37,30.71,0.83
2025-03-03,health_insurance,Tablet,Exact,359,26,86.32,3.32
2025-03-03,health_insurance,Tablet,Phrase,364,17,54.4,3.2
2025-03-03,health_insurance,Tablet,Broad,222,13,12.35,0.95
2025-03-03,private_insurance,Desktop,Exact,988,55,244.75,4.45
2025-03-03,private_insurance,Desktop,Phrase,935,66,145.86,2.21
2025-03-03,private_insurance,Desktop,Broad,546,45,82.35,1.83
2025-03-03,private_insurance,Smartphone,Exact,1244,68,404.6,5.95
2025-03-03,private_insurance,Smartphone,Phrase,496,42,63.84,1.52
2025-03-03,private_insurance,Smartphone,Broad,847,79,96.38,1.22
2025-03-03,private_insurance,Tablet,Exact,383,35,122.5,3.5
2025-03-03,private_insurance,Tablet,Phrase,284,32,115.52,3.61
2025-03-03,private_insurance,Tablet,Broad,494,20,30.0,1.5
2025-03-03,general_insurance,Desktop,Exact,465,19,73.91,3.89
2025-03-03,general_insurance,Desktop,Phrase,393,16,24.16,1.51
2025-03-03,general_insurance,Desktop,Broad,1576,78,171.6,2.2
2025-03-03,general_insurance,Smartphone,Exact,378,17,70.89,4.17
2025-03-03,general_insurance,Smartphone,Phrase,189,14,27.58,1.97
2025-03-03,general_insurance,Smartphone,Broad,574,28,31.92,1.14
2025-03-03,general_insurance,Tablet,Exact,183,10,29.0,2.9
2025-03-03,general_insurance,Tablet,Phrase,597,36,61.92,1.72
2025-03-03,general_insurance,Tablet,Broad,82,6,5.34,0.89
2025-03-10,health_insurance,Desktop,Exact,415,24,106.08,4.42
2025-03-10,health_insurance,Desktop,Phrase,304,14,32.34,2.31
2025-03-10,health_insurance,Desktop,Broad,772,96,99.84,1.04
2025-03-10,health_insurance,Smartphone,Exact,288,18,82.44,4.58
2025-03-10,health_insurance,Smartphone,Phrase,1047,44,104.28,2.37
2025-03-10,health_insurance,Smartphone,Broad,1061,71,146.97,2.07
2025-03-10,health_insurance,Tablet,Exact,130,9,28.98,3.22
2025-03-10,health_insurance,Tablet,Phrase,88,5,16.75,3.35
2025-03-10,health_insurance,Tablet,Broad,794,36,76.68,2.13
2025-03-10,private_insurance,Desktop,Exact,638,29,153.7,5.3
2025-03-10,private_insurance,Desktop,Phrase,1139,59,208.86,3.54
2025-03-10,private_insurance,Desktop,Broad,601,45,105.3,2.34
2025-03-10,private_insurance,Smartphone,Exact,1115,51,197.37,3.87
2025-03-10,private_insurance,Smartphone,Phrase,1118,48,157.44,3.28
2025-03-10,private_insurance,Smartphone,Broad,726,47,80.84,1.72
2025-03-10,private_insurance,Tablet,Exact,249,17,63.58,3.74
2025-03-10,private_insurance,Tablet,Phrase,866,37,105.82,2.86
2025-03-10,private_insurance,Tablet,Broad,460,30,51.6,1.72
2025-03-10,general_insurance,Desktop,Exact,1341,98,460.6,4.7
2025-03-10,general_insurance,Desktop,Phrase,2156,94,180.48,1.92
2025-03-10,general_insurance,Desktop,Broad,1252,54,92.34,1.71
2025-03-10,general_insurance,Smartphone,Exact,935,45,269.55,5.99
2025-03-10,general_insurance,Smartphone,Phrase,308,36,120.96,3.36
2025-03-10,general_insurance,Smartphone,Broad,1717,75,157.5,2.1
2025-03-10,general_insurance,Tablet,Exact,332,23,100.74,4.38
2025-03-10,general_insurance,Tablet,Phrase,646,30,74.7,2.49
2025-03-10,general_insurance,Tablet,Broad,104,7,11.41,1.63
2025-03-17,health_insurance,Desktop,Exact,1322,70,351.4,5.02
2025-03-17,health_insurance,Desktop,Phrase,712,58,165.88,2.86
2025-03-17,health_insurance,Desktop,Broad,2454,101,223.21,2.21
2025-03-17,health_insurance,Smartphone,Exact,714,47,155.1,3.3
2025-03-17,health_insurance,Smartphone,Phrase,1292,55,167.2,3.04
2025-03-17,health_insurance,Smartphone,Broad,877,71,68.87,0.97
2025-03-17,health_insurance,Tablet,Exact,331,34,155.72,4.58
2025-03-17,health_insurance,Tablet,Phrase,318,38,132.24,3.48
2025-03-17,health_insurance,Tablet,Broad,304,20,36.6,1.83
2025-03-17,private_insurance,Desktop,Exact,1092,49,140.14,2.86
2025-03-17,private_insurance,Desktop,Phrase,258,26,68.38,2.63
2025-03-17,private_insurance,Desktop,Broad,435,39,42.12,1.08
2025-03-17,private_insurance,Smartphone,Exact,877,66,241.56,3.66
2025-03-17,private_insurance,Smartphone,Phrase,707,49,147.98,3.02
2025-03-17,private_insurance,Smartphone,Broad,1342,62,84.94,1.37
2025-03-17,private_insurance,Tablet,Exact,251,17,62.39,3.67
2025-03-17,private_insurance,Tablet,Phrase,402,17,62.22,3.66
2025-03-17,private_insurance,Tablet,Broad,164,8,11.12,1.39
2025-03-17,general_insurance,Desktop,Exact,282,33,150.15,4.55
2025-03-17,general_insurance,Desktop,Phrase,1389,78,165.36,2.12
2025-03-17,general_insurance,Desktop,Broad,1860,79,119.29,1.51
2025-03-17,general_insurance,Smartphone,Exact,737,58,303.34,5.23
2025-03-17,general_insurance,Smartphone,Phrase,674,35,53.55,1.53
2025-03-17,general_insurance,Smartphone,Broad,1312,58,101.5,1.75
2025-03-17,general_insurance,Tablet,Exact,595,36,215.64,5.99
2025-03-17,general_insurance,Tablet,Phrase,73,5,11.35,2.27
2025-03-17,general_insurance,Tablet,Broad,698,30,34.8,1.16
2025-03-24,health_insurance,Desktop,Exact,987,53,219.42,4.14
2025-03-24,health_insurance,Desktop,Phrase,899,50,179.5,3.59
2025-03-24,health_insurance,Desktop,Broad,204,13,27.56,2.12
2025-03-24,health_insurance,Smartphone,Exact,1213,75,327.75,4.37
2025-03-24,health_insurance,Smartphone,Phrase,458,47,160.27,3.41
2025-03-24,health_insurance,Smartphone,Broad,409,17,38.59,2.27
2025-03-24,health_insurance,Tablet,Exact,465,20,69.0,3.45
2025-03-24,health_insurance,Tablet,Phrase,177,21,52.92,2.52
2025-03-24,health_insurance,Tablet,Broad,384,20,40.4,2.02
2025-03-24,private_insurance,Desktop,Exact,1182,96,425.28,4.43
2025-03-24,private_insurance,Desktop,Phrase,1594,88,242.88,2.76
2025-03-24,private_insurance,Desktop,Broad,1711,98,226.38,2.31
2025-03-24,private_insurance,Smartphone,Exact,206,17,48.45,2.85
2025-03-24,private_insurance,Smartphone,Phrase,906,41,149.24,3.64
2025-03-24,private_insurance,Smartphone,Broad,800,77,185.57,2.41
2025-03-24,private_insurance,Tablet,Exact,255,11,38.83,3.53
2025-03-24,private_insurance,Tablet,Phrase,164,8,24.64,3.08
2025-03-24,private_insurance,Tablet,Broad,320,14,14.14,1.01
2025-03-24,general_insurance,Desktop,Exact,1135,49,194.53,3.97
2025-03-24,general_insurance,Desktop,Phrase,987,72,220.32,3.06
2025-03-24,general_insurance,Desktop,Broad,120,14,19.88,1.42
2025-03-24,general_insurance,Smartphone,Exact,433,29,135.72,4.68
2025-03-24,general_insurance,Smartphone,Phrase,234,18,46.62,2.59
2025-03-24,general_insurance,Smartphone,Broad,581,33,32.67,0.99
2025-03-24,general_insurance,Tablet,Exact,734,34,191.42,5.63
2025-03-24,general_insurance,Tablet,Phrase,218,11,36.85,3.35
2025-03-24,general_insurance,Tablet,Broad,176,17,21.08,1.24
2025-03-31,health_insurance,Desktop,Exact,372,16,47.36,2.96
2025-03-31,health_insurance,Desktop,Phrase,1389,59,91.45,1.55
2025-03-31,health_insurance,Desktop,Broad,835,66,117.48,1.78
2025-03-31,health_insurance,Smartphone,Exact,427,26,101.92,3.92
2025-03-31,health_insurance,Smartphone,Phrase,822,36,135.0,3.75
2025-03-31,health_insurance,Smartphone,Broad,919,49,60.27,1.23
2025-03-31,health_insurance,Tablet,Exact,729,31,96.41,3.11
2025-03-31,health_insurance,Tablet,Phrase,358,17,42.67,2.51
2025-03-31,health_insurance,Tablet,Broad,292,27,23.76,0.88
2025-03-31,private_insurance,Desktop,Exact,1752,96,267.84,2.79
2025-03-31,private_insurance,Desktop,Phrase,1000,45,75.15,1.67
2025-03-31,private_insurance,Desktop,Broad,525,26,36.4,1.4
2025-03-31,private_insurance,Smartphone,Exact,1158,48,222.72,4.64
2025-03-31,private_insurance,Smartphone,Phrase,1531,64,202.24,3.16
2025-03-31,private_insurance,Smartphone,Broad,981,78,126.36,1.62
2025-03-31,private_insurance,Tablet,Exact,312,14,42.98,3.07
2025-03-31,private_insurance,Tablet,Phrase,372,35,136.15,3.89
2025-03-31,private_insurance,Tablet,Broad,235,17,27.37,1.61
2025-03-31,general_insurance,Desktop,Exact,1034,63,318.15,5.05
2025-03-31,general_insurance,Desktop,Phrase,1059,67,201.0,3.0
2025-03-31,general_insurance,Desktop,Broad,1230,57,124.83,2.19
2025-03-31,general_insurance,Smartphone,Exact,428,53,312.17,5.89
2025-03-31,general_insurance,Smartphone,Phrase,200,21,50.4,2.4
2025-03-31,general_insurance,Smartphone,Broad,1400,58,59.74,1.03
2025-03-31,general_insurance,Tablet,Exact,303,32,138.24,4.32
2025-03-31,general_insurance,Tablet,Phrase,167,8,24.8,3.1
2025-03-31,general_insurance,Tablet,Broad,910,39,96.33,2.47
2025-04-07,health_insurance,Desktop,Exact,669,27,88.29,3.27
2025-04-07,health_insurance,Desktop,Phrase,899,45,72.0,1.6
2025-04-07,health_insurance,Desktop,Broad,582,33,36.63,1.11
2025-04-07,health_insurance,Smartphone,Exact,317,16,41.92,2.62
2025-04-07,health_insurance,Smartphone,Phrase,179,18,35.64,1.98
2025-04-07,health_insurance,Smartphone,Broad,1092,68,163.88,2.41
2025-04-07,health_insurance,Tablet,Exact,405,24,98.16,4.09
2025-04-07,health_insurance,Tablet,Phrase,184,13,40.69,3.13
2025-04-07,health_insurance,Tablet,Broad,783,34,55.08,1.62
2025-04-07,private_insurance,Desktop,Exact,1361,67,247.23,3.69
2025-04-07,private_insurance,Desktop,Phrase,1064,62,141.98,2.29
2025-04-07,private_insurance,Desktop,Broad,741,44,90.2,2.05
2025-04-07,private_insurance,Smartphone,Exact,769,51,284.07,5.57
2025-04-07,private_insurance,Smartphone,Phrase,408,51,202.98,3.98
2025-04-07,private_insurance,Smartphone,Broad,527,22,37.4,1.7
2025-04-07,private_insurance,Tablet,Exact,213,24,60.72,2.53
2025-04-07,private_insurance,Tablet,Phrase,653,35,94.5,2.7
2025-04-07,private_insurance,Tablet,Broad,472,32,40.32,1.26
2025-04-07,general_insurance,Desktop,Exact,758,50,198.0,3.96
2025-04-07,general_insurance,Desktop,Phrase,145,18,59.94,3.33
2025-04-07,general_insurance,Desktop,Broad,901,70,98.0,1.4
2025-04-07,general_insurance,Smartphone,Exact,1387,77,385.0,5.0
2025-04-07,general_insurance,Smartphone,Phrase,1413,57,87.78,1.54
2025-04-07,general_insurance,Smartphone,Broad,469,24,34.8,1.45
2025-04-07,general_insurance,Tablet,Exact,215,10,58.5,5.85
2025-04-07,general_insurance,Tablet,Phrase,642,26,77.22,2.97
2025-04-07,general_insurance,Tablet,Broad,574,36,86.76,2.41
2025-04-14,health_insurance,Desktop,Exact,400,44,224.4,5.1
2025-04-14,health_insurance,Desktop,Phrase,441,37,132.83,3.59
2025-04-14,health_insurance,Desktop,Broad,949,85,99.45,1.17
2025-04-14,health_insurance,Smartphone,Exact,259,12,64.68,5.39
2025-04-14,health_insurance,Smartphone,Phrase,1450,63,246.96,3.92
2025-04-14,health_insurance,Smartphone,Broad,317,29,72.21,2.49
2025-04-14,health_insurance,Tablet,Exact,436,22,113.3,5.15
2025-04-14,health_insurance,Tablet,Phrase,70,6,21.24,3.54
2025-04-14,health_insurance,Tablet,Broad,363,38,68.02,1.79
2025-04-14,private_insurance,Desktop,Exact,856,84,288.12,3.43
2025-04-14,private_insurance,Desktop,Phrase,517,23,37.03,1.61
2025-04-14,private_insurance,Desktop,Broad,1263,66,143.88,2.18
2025-04-14,private_insurance,Smartphone,Exact,178,14,70.98,5.07
2025-04-14,private_insurance,Smartphone,Phrase,954,47,101.05,2.15
2025-04-14,private_insurance,Smartphone,Broad,317,27,25.38,0.94
2025-04-14,private_insurance,Tablet,Exact,404,18,49.86,2.77
2025-04-14,private_insurance,Tablet,Phrase,402,24,89.04,3.71
2025-04-14,private_insurance,Tablet,Broad,635,33,58.41,1.77
2025-04-14,general_insurance,Desktop,Exact,789,63,282.24,4.48
2025-04-14,general_insurance,Desktop,Phrase,432,19,53.2,2.8
2025-04-14,general_insurance,Desktop,Broad,1763,88,199.76,2.27
2025-04-14,general_insurance,Smartphone,Exact,1056,54,266.76,4.94
2025-04-14,general_insurance,Smartphone,Phrase,807,72,234.0,3.25
2025-04-14,general_insurance,Smartphone,Broad,319,14,32.2,2.3
2025-04-14,general_insurance,Tablet,Exact,203,20,107.8,5.39
2025-04-14,general_insurance,Tablet,Phrase,332,31,104.16,3.36
2025-04-14,general_insurance,Tablet,Broad,83,5,11.05,2.21
2025-04-21,health_insurance,Desktop,Exact,584,62,197.16,3.18
2025-04-21,health_insurance,Desktop,Phrase,862,46,181.7,3.95
2025-04-21,health_insurance,Desktop,Broad,1950,89,72.98,0.82
2025-04-21,health_insurance,Smartphone,Exact,656,79,275.71,3.49
2025-04-21,health_insurance,Smartphone,Phrase,795,72,178.56,2.48
2025-04-21,health_insurance,Smartphone,Broad,1100,46,44.62,0.97
2025-04-21,health_insurance,Tablet,Exact,761,38,134.9,3.55
2025-04-21,health_insurance,Tablet,Phrase,240,15,49.05,3.27
2025-04-21,health_insurance,Tablet,Broad,131,15,27.9,1.86
2025-04-21,private_insurance,Desktop,Exact,1481,76,453.72,5.97
2025-04-21,private_insurance,Desktop,Phrase,1050,58,180.96,3.12
2025-04-21,private_insurance,Desktop,Broad,439,20,18.2,0.91
2025-04-21,private_insurance,Smartphone,Exact,804,41,213.2,5.2
2025-04-21,private_insurance,Smartphone,Phrase,558,35,66.5,1.9
2025-04-21,private_insurance,Smartphone,Broad,203,13,19.76,1.52
2025-04-21,private_insurance,Tablet,Exact,528,24,104.16,4.34
2025-04-21,private_insurance,Tablet,Phrase,391,20,34.2,1.71
2025-04-21,private_insurance,Tablet,Broad,341,15,15.3,1.02
2025-04-21,general_insurance,Desktop,Exact,2019,84,336.84,4.01
2025-04-21,general_insurance,Desktop,Phrase,1841,88,344.08,3.91
2025-04-21,general_insurance,Desktop,Broad,1510,101,249.47,2.47
2025-04-21,general_insurance,Smartphone,Exact,546,47,155.1,3.3
2025-04-21,general_insurance,Smartphone,Phrase,1471,73,267.91,3.67
2025-04-21,general_insurance,Smartphone,Broad,433,27,61.29,2.27
2025-04-21,general_insurance,Tablet,Exact,774,34,107.1,3.15
2025-04-21,general_insurance,Tablet,Phrase,487,31,58.28,1.88
2025-04-21,general_insurance,Tablet,Broad,540,29,60.61,2.09
2025-04-28,health_insurance,Desktop,Exact,2209,94,331.82,3.53
2025-04-28,health_insurance,Desktop,Phrase,237,15,29.4,1.96
2025-04-28,health_insurance,Desktop,Broad,402,33,60.39,1.83
2025-04-28,health_insurance,Smartphone,Exact,294,18,57.6,3.2
2025-04-28,health_insurance,Smartphone,Phrase,974,72,225.36,3.13
2025-04-28,health_insurance,Smartphone,Broad,146,11,23.76,2.16
2025-04-28,health_insurance,Tablet,Exact,220,15,41.25,2.75
2025-04-28,health_insurance,Tablet,Phrase,455,23,51.29,2.23
2025-04-28,health_insurance,Tablet,Broad,492,21,50.82,2.42
2025-04-28,private_insurance,Desktop,Exact,254,26,108.68,4.18
2025-04-28,private_insurance,Desktop,Phrase,584,33,58.08,1.76
2025-04-28,private_insurance,Desktop,Broad,1615,81,149.85,1.85
2025-04-28,private_insurance,Smartphone,Exact,663,49,123.97,2.53
2025-04-28,private_insurance,Smartphone,Phrase,253,11,31.24,2.84
2025-04-28,private_insurance,Smartphone,Broad,364,39,33.54,0.86
2025-04-28,private_insurance,Tablet,Exact,369,15,54.45,3.63
2025-04-28,private_insurance,Tablet,Phrase,593,27,87.21,3.23
2025-04-28,private_insurance,Tablet,Broad,489,26,25.48,0.98
2025-04-28,general_insurance,Desktop,Exact,1774,98,552.72,5.64
2025-04-28,general_insurance,Desktop,Phrase,1266,53,119.25,2.25
2025-04-28,general_insurance,Desktop,Broad,1620,76,141.36,1.86
2025-04-28,general_insurance,Smartphone,Exact,278,16,76.96,4.81
2025-04-28,general_insurance,Smartphone,Phrase,235,15,53.1,3.54
2025-04-28,general_insurance,Smartphone,Broad,129,12,10.44,0.87
2025-04-28,general_insurance,Tablet,Exact,99,11,30.69,2.79
2025-04-28,general_insurance,Tablet,Phrase,228,10,19.0,1.9
2025-04-28,general_insurance,Tablet,Broad,192,14,34.44,2.46
2025-05-05,health_insurance,Desktop,Exact,338,22,122.1,5.55
2025-05-05,health_insurance,Desktop,Phrase,924,53,145.75,2.75
2025-05-05,health_insurance,Desktop,Broad,477,35,66.85,1.91
2025-05-05,health_insurance,Smartphone,Exact,1238,65,384.15,5.91
2025-05-05,health_insurance,Smartphone,Phrase,664,44,90.2,2.05
2025-05-05,health_insurance,Smartphone,Broad,364,16,25.44,1.59
2025-05-05,health_insurance,Tablet,Exact,447,20,79.2,3.96
2025-05-05,health_insurance,Tablet,Phrase,329,23,54.28,2.36
2025-05-05,health_insurance,Tablet,Broad,241,14,23.24,1.66
2025-05-05,private_insurance,Desktop,Exact,1205,78,353.34,4.53
2025-05-05,private_insurance,Desktop,Phrase,2083,97,290.03,2.99
2025-05-05,private_insurance,Desktop,Broad,1120,62,78.74,1.27
2025-05-05,private_insurance,Smartphone,Exact,334,21,80.64,3.84
2025-05-05,private_insurance,Smartphone,Phrase,307,30,99.9,3.33
2025-05-05,private_insurance,Smartphone,Broad,309,17,25.33,1.49
2025-05-05,private_insurance,Tablet,Exact,612,25,83.25,3.33
2025-05-05,private_insurance,Tablet,Phrase,376,23,83.72,3.64
2025-05-05,private_insurance,Tablet,Broad,520,35,33.95,0.97
2025-05-05,general_insurance,Desktop,Exact,409,29,124.7,4.3
2025-05-05,general_insurance,Desktop,Phrase,267,14,24.36,1.74
2025-05-05,general_insurance,Desktop,Broad,919,48,59.52,1.24
2025-05-05,general_insurance,Smartphone,Exact,756,74,385.54,5.21
2025-05-05,general_insurance,Smartphone,Phrase,647,54,112.86,2.09
2025-05-05,general_insurance,Smartphone,Broad,206,19,17.48,0.92
2025-05-05,general_insurance,Tablet,Exact,94,9,43.56,4.84
2025-05-05,general_insurance,Tablet,Phrase,129,7,14.84,2.12
2025-05-05,general_insurance,Tablet,Broad,70,5,6.15,1.23
2025-05-12,health_insurance,Desktop,Exact,984,48,126.24,2.63
2025-05-12,health_insurance,Desktop,Phrase,1179,59,203.55,3.45
2025-05-12,health_insurance,Desktop,Broad,1911,84,151.2,1.8
2025-05-12,health_insurance,Smartphone,Exact,1734,70,183.4,2.62
2025-05-12,health_insurance,Smartphone,Phrase,398,46,176.64,3.84
2025-05-12,health_insurance,Smartphone,Broad,1050,44,69.08,1.57
2025-05-12,health_insurance,Tablet,Exact,699,39,111.54,2.86
2025-05-12,health_insurance,Tablet,Phrase,247,10,18.7,1.87
2025-05-12,health_insurance,Tablet,Broad,350,26,21.58,0.83
2025-05-12,private_insurance,Desktop,Exact,770,49,271.46,5.54
2025-05-12,private_insurance,Desktop,Phrase,1295,67,182.24,2.72
2025-05-12,private_insurance,Desktop,Broad,542,41,34.85,0.85
2025-05-12,private_insurance,Smartphone,Exact,1147,59,189.39,3.21
2025-05-12,private_insurance,Smartphone,Phrase,106,10,33.3,3.33
2025-05-12,private_insurance,Smartphone,Broad,172,14,34.16,2.44
2025-05-12,private_insurance,Tablet,Exact,890,37,200.91,5.43
2025-05-12,private_insurance,Tablet,Phrase,351,19,52.06,2.74
2025-05-12,private_insurance,Tablet,Broad,168,8,18.16,2.27
2025-05-12,general_insurance,Desktop,Exact,1292,71,406.12,5.72
2025-05-12,general_insurance,Desktop,Phrase,764,52,163.8,3.15
2025-05-12,general_insurance,Desktop,Broad,1406,101,179.78,1.78
2025-05-12,general_insurance,Smartphone,Exact,661,75,450.0,6.0
2025-05-12,general_insurance,Smartphone,Phrase,957,42,105.84,2.52
2025-05-12,general_insurance,Smartphone,Broad,917,40,82.4,2.06
2025-05-12,general_insurance,Tablet,Exact,130,6,29.04,4.84
2025-05-12,general_insurance,Tablet,Phrase,169,11,38.39,3.49
2025-05-12,general_insurance,Tablet,Broad,86,5,5.0,1.0
2025-05-19,health_insurance,Desktop,Exact,569,31,146.01,4.71
2025-05-19,health_insurance,Desktop,Phrase,452,31,100.44,3.24
2025-05-19,health_insurance,Desktop,Broad,774,54,64.8,1.2
2025-05-19,health_insurance,Smartphone,Exact,952,53,135.15,2.55
2025-05-19,health_insurance,Smartphone,Phrase,1084,75,199.5,2.66
2025-05-19,health_insurance,Smartphone,Broad,784,35,84.7,2.42
2025-05-19,health_insurance,Tablet,Exact,248,18,46.62,2.59
2025-05-19,health_insurance,Tablet,Phrase,169,10,18.7,1.87
2025-05-19,health_insurance,Tablet,Broad,382,26,41.86,1.61
2025-05-19,private_insurance,Desktop,Exact,2056,102,521.22,5.11
2025-05-19,private_insurance,Desktop,Phrase,758,67,103.85,1.55
2025-05-19,private_insurance,Desktop,Broad,1744,72,66.24,0.92
2025-05-19,private_insurance,Smartphone,Exact,406,45,258.3,5.74
2025-05-19,private_insurance,Smartphone,Phrase,339,30,81.0,2.7
2025-05-19,private_insurance,Smartphone,Broad,988,77,95.48,1.24
2025-05-19,private_insurance,Tablet,Exact,306,18,103.5,5.75
2025-05-19,private_insurance,Tablet,Phrase,147,8,18.24,2.28
2025-05-19,private_insurance,Tablet,Broad,319,13,19.24,1.48
2025-05-19,general_insurance,Desktop,Exact,221,20,97.6,4.88
2025-05-19,general_insurance,Desktop,Phrase,364,28,54.88,1.96
2025-05-19,general_insurance,Desktop,Broad,1557,66,73.26,1.11
2025-05-19,general_insurance,Smartphone,Exact,1683,77,215.6,2.8
2025-05-19,general_insurance,Smartphone,Phrase,994,53,85.33,1.61
2025-05-19,general_insurance,Smartphone,Broad,482,22,40.04,1.82
2025-05-19,general_insurance,Tablet,Exact,170,9,47.52,5.28
2025-05-19,general_insurance,Tablet,Phrase,350,25,93.75,3.75
2025-05-19,general_insurance,Tablet,Broad,223,17,20.91,1.23
2025-05-26,health_insurance,Desktop,Exact,638,42,225.96,5.38
2025-05-26,health_insurance,Desktop,Phrase,369,35,119.7,3.42
2025-05-26,health_insurance,Desktop,Broad,901,83,149.4,1.8
2025-05-26,health_insurance,Smartphone,Exact,404,42,136.92,3.26
2025-05-26,health_insurance,Smartphone,Phrase,679,57,129.96,2.28
2025-05-26,health_insurance,Smartphone,Broad,507,41,77.08,1.88
2025-05-26,health_insurance,Tablet,Exact,818,33,139.92,4.24
2025-05-26,health_insurance,Tablet,Phrase,428,22,65.78,2.99
2025-05-26,health_insurance,Tablet,Broad,504,25,38.25,1.53
2025-05-26,private_insurance,Desktop,Exact,410,42,123.9,2.95
2025-05-26,private_insurance,Desktop,Phrase,1394,66,248.16,3.76
2025-05-26,private_insurance,Desktop,Broad,1345,58,55.1,0.95
2025-05-26,private_insurance,Smartphone,Exact,170,12,46.8,3.9
2025-05-26,private_insurance,Smartphone,Phrase,725,79,188.81,2.39
2025-05-26,private_insurance,Smartphone,Broad,1124,58,128.18,2.21
2025-05-26,private_insurance,Tablet,Exact,446,26,86.32,3.32
2025-05-26,private_insurance,Tablet,Phrase,345,29,92.8,3.2
2025-05-26,private_insurance,Tablet,Broad,639,33,45.21,1.37
2025-05-26,general_insurance,Desktop,Exact,1188,68,327.76,4.82
2025-05-26,general_insurance,Desktop,Phrase,893,50,116.5,2.33
2025-05-26,general_insurance,Desktop,Broad,955,87,211.41,2.43
2025-05-26,general_insurance,Smartphone,Exact,435,40,205.6,5.14
2025-05-26,general_insurance,Smartphone,Phrase,1559,71,181.76,2.56
2025-05-26,general_insurance,Smartphone,Broad,405,21,29.19,1.39
2025-05-26,general_insurance,Tablet,Exact,71,6,34.5,5.75
2025-05-26,general_insurance,Tablet,Phrase,147,7,23.38,3.34
2025-05-26,general_insurance,Tablet,Broad,623,37,82.51,2.23
2025-06-02,health_insurance,Desktop,Exact,2182,102,346.8,3.4
2025-06-02,health_insurance,Desktop,Phrase,1168,53,96.46,1.82
2025-06-02,health_insurance,Desktop,Broad,553,61,65.27,1.07
2025-06-02,health_insurance,Smartphone,Exact,561,45,160.2,3.56
2025-06-02,health_insurance,Smartphone,Phrase,1041,75,183.75,2.45
2025-06-02,health_insurance,Smartphone,Broad,1091,74,97.68,1.32
2025-06-02,health_insurance,Tablet,Exact,365,16,92.8,5.8
2025-06-02,health_insurance,Tablet,Phrase,115,7,26.6,3.8
2025-06-02,health_insurance,Tablet,Broad,392,34,76.5,2.25
2025-06-02,private_insurance,Desktop,Exact,1642,75,218.25,2.91
2025-06-02,private_insurance,Desktop,Phrase,971,57,181.83,3.19
2025-06-02,private_insurance,Desktop,Broad,220,19,19.76,1.04
2025-06-02,private_insurance,Smartphone,Exact,341,23,63.94,2.78
2025-06-02,private_insurance,Smartphone,Phrase,885,75,141.0,1.88
2025-06-02,private_insurance,Smartphone,Broad,691,29,51.33,1.77
2025-06-02,private_insurance,Tablet,Exact,838,37,109.52,2.96
2025-06-02,private_insurance,Tablet,Phrase,228,22,66.44,3.02
2025-06-02,private_insurance,Tablet,Broad,415,31,68.51,2.21
2025-06-02,general_insurance,Desktop,Exact,1256,65,350.35,5.39
2025-06-02,general_insurance,Desktop,Phrase,365,22,59.4,2.7
2025-06-02,general_insurance,Desktop,Broad,2120,100,94.0,0.94
2025-06-02,general_insurance,Smartphone,Exact,503,22,127.16,5.78
2025-06-02,general_insurance,Smartphone,Phrase,552,69,250.47,3.63
2025-06-02,general_insurance,Smartphone,Broad,990,52,96.2,1.85
2025-06-02,general_insurance,Tablet,Exact,425,20,54.2,2.71
2025-06-02,general_insurance,Tablet,Phrase,146,9,18.27,2.03
2025-06-02,general_insurance,Tablet,Broad,574,29,26.1,0.9
2025-06-09,health_insurance,Desktop,Exact,231,23,69.0,3.0
2025-06-09,health_insurance,Desktop,Phrase,1014,92,198.72,2.16
2025-06-09,health_insurance,Desktop,Broad,533,32,29.12,0.91
2025-06-09,health_insurance,Smartphone,Exact,904,49,262.15,5.35
2025-06-09,health_insurance,Smartphone,Phrase,1167,61,117.73,1.93
2025-06-09,health_insurance,Smartphone,Broad,480,47,71.44,1.52
2025-06-09,health_insurance,Tablet,Exact,407,36,146.52,4.07
2025-06-09,health_insurance,Tablet,Phrase,129,8,22.48,2.81
2025-06-09,health_insurance,Tablet,Broad,105,7,5.74,0.82
2025-06-09,private_insurance,Desktop,Exact,484,39,100.23,2.57
2025-06-09,private_insurance,Desktop,Phrase,269,24,76.8,3.2
2025-06-09,private_insurance,Desktop,Broad,147,18,21.06,1.17
2025-06-09,private_insurance,Smartphone,Exact,1507,62,329.22,5.31
2025-06-09,private_insurance,Smartphone,Phrase,563,45,109.35,2.43
2025-06-09,private_insurance,Smartphone,Broad,447,20,31.4,1.57
2025-06-09,private_insurance,Tablet,Exact,325,32,96.64,3.02
2025-06-09,private_insurance,Tablet,Phrase,431,21,48.51,2.31
2025-06-09,private_insurance,Tablet,Broad,440,30,67.8,2.26
2025-06-09,general_insurance,Desktop,Exact,1599,66,370.92,5.62
2025-06-09,general_insurance,Desktop,Phrase,792,33,103.95,3.15
2025-06-09,general_insurance,Desktop,Broad,172,14,21.56,1.54
2025-06-09,general_insurance,Smartphone,Exact,233,19,109.44,5.76
2025-06-09,general_insurance,Smartphone,Phrase,492,30,106.8,3.56
2025-06-09,general_insurance,Smartphone,Broad,319,17,39.44,2.32
2025-06-09,general_insurance,Tablet,Exact,218,13,35.49,2.73
2025-06-09,general_insurance,Tablet,Phrase,651,39,130.26,3.34
2025-06-09,general_insurance,Tablet,Broad,75,8,6.96,0.87
2025-06-16,health_insurance,Desktop,Exact,1449,67,322.27,4.81
2025-06-16,health_insurance,Desktop,Phrase,699,42,66.78,1.59
2025-06-16,health_insurance,Desktop,Broad,2162,87,138.33,1.59
2025-06-16,health_insurance,Smartphone,Exact,1173,61,317.81,5.21
2025-06-16,health_insurance,Smartphone,Phrase,555,37,88.43,2.39
2025-06-16,health_insurance,Smartphone,Broad,293,14,26.88,1.92
2025-06-16,health_insurance,Tablet,Exact,338,36,143.64,3.99
2025-06-16,health_insurance,Tablet,Phrase,148,8,27.36,3.42
2025-06-16,health_insurance,Tablet,Broad,302,37,71.41,1.93
2025-06-16,private_insurance,Desktop,Exact,1227,58,269.7,4.65
2025-06-16,private_insurance,Desktop,Phrase,1048,65,253.5,3.9
2025-06-16,private_insurance,Desktop,Broad,311,24,51.84,2.16
2025-06-16,private_insurance,Smartphone,Exact,196,11,50.71,4.61
2025-06-16,private_insurance,Smartphone,Phrase,479,25,88.25,3.53
2025-06-16,private_insurance,Smartphone,Broad,197,20,17.4,0.87
2025-06-16,private_insurance,Tablet,Exact,186,13,42.77,3.29
2025-06-16,private_insurance,Tablet,Phrase,496,34,97.92,2.88
2025-06-16,private_insurance,Tablet,Broad,356,15,19.05,1.27
2025-06-16,general_insurance,Desktop,Exact,1569,68,216.92,3.19
2025-06-16,general_insurance,Desktop,Phrase,852,39,86.19,2.21
2025-06-16,general_insurance,Desktop,Broad,1464,62,138.88,2.24
2025-06-16,general_insurance,Smartphone,Exact,317,27,127.71,4.73
2025-06-16,general_insurance,Smartphone,Phrase,297,17,57.29,3.37
2025-06-16,general_insurance,Smartphone,Broad,352,32,61.44,1.92
2025-06-16,general_insurance,Tablet,Exact,359,15,89.25,5.95
2025-06-16,general_insurance,Tablet,Phrase,186,19,63.08,3.32
2025-06-16,general_insurance,Tablet,Broad,348,30,65.7,2.19
2025-06-23,health_insurance,Desktop,Exact,838,41,223.04,5.44
2025-06-23,health_insurance,Desktop,Phrase,1382,67,227.8,3.4
2025-06-23,health_insurance,Desktop,Broad,264,15,19.65,1.31
2025-06-23,health_insurance,Smartphone,Exact,676,38,107.54,2.83
2025-06-23,health_insurance,Smartphone,Phrase,364,34,115.6,3.4
2025-06-23,health_insurance,Smartphone,Broad,816,67,54.94,0.82
2025-06-23,health_insurance,Tablet,Exact,89,7,39.13,5.59
2025-06-23,health_insurance,Tablet,Phrase,412,36,126.0,3.5
2025-06-23,health_insurance,Tablet,Broad,196,9,18.54,2.06
2025-06-23,private_insurance,Desktop,Exact,661,46,225.86,4.91
2025-06-23,private_insurance,Desktop,Phrase,186,23,66.47,2.89
2025-06-23,private_insurance,Desktop,Broad,1798,87,74.82,0.86
2025-06-23,private_insurance,Smartphone,Exact,480,23,117.76,5.12
2025-06-23,private_insurance,Smartphone,Phrase,305,29,67.28,2.32
2025-06-23,private_insurance,Smartphone,Broad,1970,79,180.91,2.29
2025-06-23,private_insurance,Tablet,Exact,113,6,23.1,3.85
2025-06-23,private_insurance,Tablet,Phrase,162,9,33.48,3.72
2025-06-23,private_insurance,Tablet,Broad,184,23,44.39,1.93
2025-06-23,general_insurance,Desktop,Exact,422,39,101.4,2.6
2025-06-23,general_insurance,Desktop,Phrase,852,89,310.61,3.49
2025-06-23,general_insurance,Desktop,Broad,324,16,26.72,1.67
2025-06-23,general_insurance,Smartphone,Exact,1174,67,299.49,4.47
2025-06-23,general_insurance,Smartphone,Phrase,715,33,105.27,3.19
2025-06-23,general_insurance,Smartphone,Broad,539,40,33.6,0.84
2025-06-23,general_insurance,Tablet,Exact,323,36,99.72,2.77
2025-06-23,general_insurance,Tablet,Phrase,219,19,75.05,3.95
2025-06-23,general_insurance,Tablet,Broad,516,36,60.48,1.68
2025-06-30,health_insurance,Desktop,Exact,996,83,420.81,5.07
2025-06-30,health_insurance,Desktop,Phrase,1689,93,190.65,2.05
2025-06-30,health_insurance,Desktop,Broad,1718,72,180.0,2.5
2025-06-30,health_insurance,Smartphone,Exact,1017,54,167.94,3.11
2025-06-30,health_insurance,Smartphone,Phrase,290,29,100.34,3.46
2025-06-30,health_insurance,Smartphone,Broad,1635,79,195.92,2.48
2025-06-30,health_insurance,Tablet,Exact,103,9,52.47,5.83
2025-06-30,health_insurance,Tablet,Phrase,378,35,138.25,3.95
2025-06-30,health_insurance,Tablet,Broad,510,39,65.52,1.68
2025-06-30,private_insurance,Desktop,Exact,550,36,122.76,3.41
2025-06-30,private_insurance,Desktop,Phrase,1127,101,363.6,3.6
2025-06-30,private_insurance,Desktop,Broad,1795,75,115.5,1.54
2025-06-30,private_insurance,Smartphone,Exact,698,79,372.09,4.71
2025-06-30,private_insurance,Smartphone,Phrase,740,48,131.52,2.74
2025-06-30,private_insurance,Smartphone,Broad,592,66,53.46,0.81
2025-06-30,private_insurance,Tablet,Exact,278,27,125.28,4.64
2025-06-30,private_insurance,Tablet,Phrase,320,20,76.2,3.81
2025-06-30,private_insurance,Tablet,Broad,166,19,24.32,1.28
2025-06-30,general_insurance,Desktop,Exact,468,20,67.2,3.36
2025-06-30,general_insurance,Desktop,Phrase,501,24,52.32,2.18
2025-06-30,general_insurance,Desktop,Broad,1661,102,92.82,0.91
2025-06-30,general_insurance,Smartphone,Exact,1204,65,172.9,2.66
2025-06-30,general_insurance,Smartphone,Phrase,881,66,155.76,2.36
2025-06-30,general_insurance,Smartphone,Broad,192,16,15.2,0.95
2025-06-30,general_insurance,Tablet,Exact,487,20,96.4,4.82
2025-06-30,general_insurance,Tablet,Phrase,176,12,44.52,3.71
2025-06-30,general_insurance,Tablet,Broad,211,17,25.67,1.51
2025-07-07,health_insurance,Desktop,Exact,2095,85,359.55,4.23
2025-07-07,health_insurance,Desktop,Phrase,1148,101,317.14,3.14
2025-07-07,health_insurance,Desktop,Broad,1839,75,119.25,1.59
2025-07-07,health_insurance,Smartphone,Exact,208,21,78.12,3.72
2025-07-07,health_insurance,Smartphone,Phrase,891,59,194.7,3.3
2025-07-07,health_insurance,Smartphone,Broad,417,42,70.98,1.69
2025-07-07,health_insurance,Tablet,Exact,164,18,90.54,5.03
2025-07-07,health_insurance,Tablet,Phrase,272,29,82.94,2.86
2025-07-07,health_insurance,Tablet,Broad,596,39,87.36,2.24
2025-07-07,private_insurance,Desktop,Exact,404,18,104.58,5.81
2025-07-07,private_insurance,Desktop,Phrase,2197,97,168.78,1.74
2025-07-07,private_insurance,Desktop,Broad,1347,78,148.98,1.91
2025-07-07,private_insurance,Smartphone,Exact,688,49,141.61,2.89
2025-07-07,private_insurance,Smartphone,Phrase,1201,73,254.04,3.48
2025-07-07,private_insurance,Smartphone,Broad,442,41,50.84,1.24
2025-07-07,private_insurance,Tablet,Exact,639,38,195.7,5.15
2025-07-07,private_insurance,Tablet,Phrase,172,11,23.1,2.1
2025-07-07,private_insurance,Tablet,Broad,577,33,68.64,2.08
2025-07-07,general_insurance,Desktop,Exact,1541,97,264.81,2.73
2025-07-07,general_insurance,Desktop,Phrase,1119,68,193.8,2.85
2025-07-07,general_insurance,Desktop,Broad,297,19,27.17,1.43
2025-07-07,general_insurance,Smartphone,Exact,914,59,166.97,2.83
2025-07-07,general_insurance,Smartphone,Phrase,337,20,40.2,2.01
2025-07-07,general_insurance,Smartphone,Broad,688,33,46.53,1.41
2025-07-07,general_insurance,Tablet,Exact,362,32,152.0,4.75
2025-07-07,general_insurance,Tablet,Phrase,437,25,65.5,2.62
2025-07-07,general_insurance,Tablet,Broad,112,5,6.7,1.34
2025-07-14,health_insurance,Desktop,Exact,163,15,84.6,5.64
2025-07-14,health_insurance,Desktop,Phrase,462,54,162.0,3.0
2025-07-14,health_insurance,Desktop,Broad,420,22,51.04,2.32
2025-07-14,health_insurance,Smartphone,Exact,317,13,68.9,5.3
2025-07-14,health_insurance,Smartphone,Phrase,606,28,103.88,3.71
2025-07-14,health_insurance,Smartphone,Broad,1364,55,73.7,1.34
2025-07-14,health_insurance,Tablet,Exact,202,15,75.6,5.04
2025-07-14,health_insurance,Tablet,Phrase,274,18,66.6,3.7
2025-07-14,health_insurance,Tablet,Broad,172,18,35.46,1.97
2025-07-14,private_insurance,Desktop,Exact,2313,100,502.0,5.02
2025-07-14,private_insurance,Desktop,Phrase,247,18,70.74,3.93
2025-07-14,private_insurance,Desktop,Broad,395,23,50.37,2.19
2025-07-14,private_insurance,Smartphone,Exact,1104,69,248.4,3.6
2025-07-14,private_insurance,Smartphone,Phrase,746,56,175.28,3.13
2025-07-14,private_insurance,Smartphone,Broad,203,12,27.6,2.3
2025-07-14,private_insurance,Tablet,Exact,142,15,43.5,2.9
2025-07-14,private_insurance,Tablet,Phrase,218,21,44.1,2.1
2025-07-14,private_insurance,Tablet,Broad,281,25,51.5,2.06
2025-07-14,general_insurance,Desktop,Exact,1514,85,341.7,4.02
2025-07-14,general_insurance,Desktop,Phrase,528,33,118.8,3.6
2025-07-14,general_insurance,Desktop,Broad,264,31,38.13,1.23
2025-07-14,general_insurance,Smartphone,Exact,333,25,71.75,2.87
2025-07-14,general_insurance,Smartphone,Phrase,401,37,118.4,3.2
2025-07-14,general_insurance,Smartphone,Broad,644,29,34.51,1.19
2025-07-14,general_insurance,Tablet,Exact,818,36,132.84,3.69
2025-07-14,general_insurance,Tablet,Phrase,325,28,63.28,2.26
2025-07-14,general_insurance,Tablet,Broad,630,33,43.56,1.32
2025-07-21,health_insurance,Desktop,Exact,346,29,164.14,5.66
2025-07-21,health_insurance,Desktop,Phrase,444,23,79.81,3.47
2025-07-21,health_insurance,Desktop,Broad,333,19,36.86,1.94
2025-07-21,health_insurance,Smartphone,Exact,1248,55,226.05,4.11
2025-07-21,health_insurance,Smartphone,Phrase,1746,71,173.95,2.45
2025-07-21,health_insurance,Smartphone,Broad,287,34,51.68,1.52
2025-07-21,health_insurance,Tablet,Exact,194,15,82.5,5.5
2025-07-21,health_insurance,Tablet,Phrase,596,30,107.1,3.57
2025-07-21,health_insurance,Tablet,Broad,438,18,14.94,0.83
2025-07-21,private_insurance,Desktop,Exact,1737,93,414.78,4.46
2025-07-21,private_insurance,Desktop,Phrase,356,36,132.48,3.68
2025-07-21,private_insurance,Desktop,Broad,558,61,61.0,1.0
2025-07-21,private_insurance,Smartphone,Exact,688,39,103.74,2.66
2025-07-21,private_insurance,Smartphone,Phrase,1108,61,137.25,2.25
2025-07-21,private_insurance,Smartphone,Broad,1236,68,138.72,2.04
2025-07-21,private_insurance,Tablet,Exact,870,38,211.66,5.57
2025-07-21,private_insurance,Tablet,Phrase,466,25,99.25,3.97
2025-07-21,private_insurance,Tablet,Broad,258,12,14.52,1.21
2025-07-21,general_insurance,Desktop,Exact,627,50,200.0,4.0
2025-07-21,general_insurance,Desktop,Phrase,1459,76,222.68,2.93
2025-07-21,general_insurance,Desktop,Broad,1345,74,163.54,2.21
2025-07-21,general_insurance,Smartphone,Exact,711,42,213.36,5.08
2025-07-21,general_insurance,Smartphone,Phrase,397,18,57.06,3.17
2025-07-21,general_insurance,Smartphone,Broad,1465,74,62.16,0.84
2025-07-21,general_insurance,Tablet,Exact,369,24,86.64,3.61
2025-07-21,general_insurance,Tablet,Phrase,386,28,51.52,1.84
2025-07-21,general_insurance,Tablet,Broad,549,30,46.5,1.55
2025-07-28,health_insurance,Desktop,Exact,1669,78,316.68,4.06
2025-07-28,health_insurance,Desktop,Phrase,1303,78,163.02,2.09
2025-07-28,health_insurance,Desktop,Broad,1025,48,57.6,1.2
2025-07-28,health_insurance,Smartphone,Exact,1836,76,363.28,4.78
2025-07-28,health_insurance,Smartphone,Phrase,1063,43,115.24,2.68
2025-07-28,health_insurance,Smartphone,Broad,579,47,43.24,0.92
2025-07-28,health_insurance,Tablet,Exact,237,13,34.32,2.64
2025-07-28,health_insurance,Tablet,Phrase,228,18,33.3,1.85
2025-07-28,health_insurance,Tablet,Broad,593,37,58.09,1.57
2025-07-28,private_insurance,Desktop,Exact,983,63,260.82,4.14
2025-07-28,private_insurance,Desktop,Phrase,1438,84,250.32,2.98
2025-07-28,private_insurance,Desktop,Broad,879,75,60.75,0.81
2025-07-28,private_insurance,Smartphone,Exact,667,52,283.4,5.45
2025-07-28,private_insurance,Smartphone,Phrase,850,48,168.48,3.51
2025-07-28,private_insurance,Smartphone,Broad,621,71,104.37,1.47
2025-07-28,private_insurance,Tablet,Exact,115,9,48.24,5.36
2025-07-28,private_insurance,Tablet,Phrase,180,13,23.14,1.78
2025-07-28,private_insurance,Tablet,Broad,204,24,42.72,1.78
2025-07-28,general_insurance,Desktop,Exact,2338,94,466.24,4.96
2025-07-28,general_insurance,Desktop,Phrase,1038,71,135.61,1.91
2025-07-28,general_insurance,Desktop,Broad,843,36,54.0,1.5
2025-07-28,general_insurance,Smartphone,Exact,273,21,102.06,4.86
2025-07-28,general_insurance,Smartphone,Phrase,1467,78,117.0,1.5
2025-07-28,general_insurance,Smartphone,Broad,351,39,48.36,1.24
2025-07-28,general_insurance,Tablet,Exact,346,28,155.4,5.55
2025-07-28,general_insurance,Tablet,Phrase,598,38,93.48,2.46
2025-07-28,general_insurance,Tablet,Broad,242,14,25.34,1.81
2025-08-04,health_insurance,Desktop,Exact,465,31,158.72,5.12
2025-08-04,health_insurance,Desktop,Phrase,693,49,156.8,3.2
2025-08-04,health_insurance,Desktop,Broad,248,24,39.6,1.65
2025-08-04,health_insurance,Smartphone,Exact,974,48,266.88,5.56
2025-08-04,health_insurance,Smartphone,Phrase,612,36,120.6,3.35
2025-08-04,health_insurance,Smartphone,Broad,124,12,20.52,1.71
2025-08-04,health_insurance,Tablet,Exact,325,25,99.5,3.98
2025-08-04,health_insurance,Tablet,Phrase,547,37,63.27,1.71
2025-08-04,health_insurance,Tablet,Broad,484,35,61.25,1.75
2025-08-04,private_insurance,Desktop,Exact,374,41,219.76,5.36
2025-08-04,private_insurance,Desktop,Phrase,597,39,125.97,3.23
2025-08-04,private_insurance,Desktop,Broad,924,70,88.9,1.27
2025-08-04,private_insurance,Smartphone,Exact,841,39,158.34,4.06
2025-08-04,private_insurance,Smartphone,Phrase,1356,76,199.88,2.63
2025-08-04,private_insurance,Smartphone,Broad,671,50,76.5,1.53
2025-08-04,private_insurance,Tablet,Exact,400,28,71.12,2.54
2025-08-04,private_insurance,Tablet,Phrase,350,21,59.01,2.81
2025-08-04,private_insurance,Tablet,Broad,187,18,27.54,1.53
2025-08-04,general_insurance,Desktop,Exact,2023,84,434.28,5.17
2025-08-04,general_insurance,Desktop,Phrase,683,36,56.16,1.56
2025-08-04,general_insurance,Desktop,Broad,525,57,78.66,1.38
2025-08-04,general_insurance,Smartphone,Exact,390,20,71.8,3.59
2025-08-04,general_insurance,Smartphone,Phrase,1740,78,220.74,2.83
2025-08-04,general_insurance,Smartphone,Broad,1021,65,161.2,2.48
2025-08-04,general_insurance,Tablet,Exact,147,6,18.54,3.09
2025-08-04,general_insurance,Tablet,Phrase,315,19,29.83,1.57
2025-08-04,general_insurance,Tablet,Broad,233,27,39.15,1.45
2025-08-11,health_insurance,Desktop,Exact,1383,94,371.3,3.95
2025-08-11,health_insurance,Desktop,Phrase,300,19,64.41,3.39
2025-08-11,health_insurance,Desktop,Broad,1110,50,51.0,1.02
2025-08-11,health_insurance,Smartphone,Exact,613,46,269.1,5.85
2025-08-11,health_insurance,Smartphone,Phrase,330,15,45.15,3.01
2025-08-11,health_insurance,Smartphone,Broad,924,38,49.02,1.29
2025-08-11,health_insurance,Tablet,Exact,179,13,50.05,3.85
2025-08-11,health_insurance,Tablet,Phrase,612,38,150.1,3.95
2025-08-11,health_insurance,Tablet,Broad,230,11,18.92,1.72
2025-08-11,private_insurance,Desktop,Exact,1720,78,292.5,3.75
2025-08-11,private_insurance,Desktop,Phrase,1296,78,151.32,1.94
2025-08-11,private_insurance,Desktop,Broad,681,39,95.16,2.44
2025-08-11,private_insurance,Smartphone,Exact,103,10,45.3,4.53
2025-08-11,private_insurance,Smartphone,Phrase,358,22,67.54,3.07
2025-08-11,private_insurance,Smartphone,Broad,1229,60,127.8,2.13
2025-08-11,private_insurance,Tablet,Exact,182,16,74.72,4.67
2025-08-11,private_insurance,Tablet,Phrase,128,8,12.8,1.6
2025-08-11,private_insurance,Tablet,Broad,225,22,51.48,2.34
2025-08-11,general_insurance,Desktop,Exact,410,26,97.24,3.74
2025-08-11,general_insurance,Desktop,Phrase,676,39,131.04,3.36
2025-08-11,general_insurance,Desktop,Broad,228,18,38.7,2.15
2025-08-11,general_insurance,Smartphone,Exact,1346,55,144.1,2.62
2025-08-11,general_insurance,Smartphone,Phrase,268,28,77.84,2.78
2025-08-11,general_insurance,Smartphone,Broad,1098,61,138.47,2.27
2025-08-11,general_insurance,Tablet,Exact,325,21,93.87,4.47
2025-08-11,general_insurance,Tablet,Phrase,294,18,50.04,2.78
2025-08-11,general_insurance,Tablet,Broad,472,30,69.6,2.32
2025-08-18,health_insurance,Desktop,Exact,1408,78,359.58,4.61
2025-08-18,health_insurance,Desktop,Phrase,228,20,77.8,3.89
2025-08-18,health_insurance,Desktop,Broad,1567,70,108.5,1.55
2025-08-18,health_insurance,Smartphone,Exact,345,28,100.52,3.59
2025-08-18,health_insurance,Smartphone,Phrase,1454,78,216.84,2.78
2025-08-18,health_insurance,Smartphone,Broad,838,40,82.0,2.05
2025-08-18,health_insurance,Tablet,Exact,304,15,73.65,4.91
2025-08-18,health_insurance,Tablet,Phrase,581,31,87.42,2.82
2025-08-18,health_insurance,Tablet,Broad,325,15,21.15,1.41
2025-08-18,private_insurance,Desktop,Exact,713,42,212.94,5.07
2025-08-18,private_insurance,Desktop,Phrase,821,72,286.56,3.98
2025-08-18,private_insurance,Desktop,Broad,585,45,99.45,2.21
2025-08-18,private_insurance,Smartphone,Exact,220,16,42.4,2.65
2025-08-18,private_insurance,Smartphone,Phrase,479,46,154.1,3.35
2025-08-18,private_insurance,Smartphone,Broad,326,17,35.87,2.11
2025-08-18,private_insurance,Tablet,Exact,92,5,27.3,5.46
2025-08-18,private_insurance,Tablet,Phrase,149,16,43.52,2.72
2025-08-18,private_insurance,Tablet,Broad,54,6,8.94,1.49
2025-08-18,general_insurance,Desktop,Exact,267,15,70.65,4.71
2025-08-18,general_insurance,Desktop,Phrase,534,55,83.6,1.52
2025-08-18,general_insurance,Desktop,Broad,317,32,62.72,1.96
2025-08-18,general_insurance,Smartphone,Exact,860,43,227.04,5.28
2025-08-18,general_insurance,Smartphone,Phrase,1384,69,128.34,1.86
2025-08-18,general_insurance,Smartphone,Broad,776,65,84.5,1.3
2025-08-18,general_insurance,Tablet,Exact,311,24,93.6,3.9
2025-08-18,general_insurance,Tablet,Phrase,430,32,120.64,3.77
2025-08-18,general_insurance,Tablet,Broad,537,31,69.13,2.23
2025-08-25,health_insurance,Desktop,Exact,912,50,296.5,5.93
2025-08-25,health_insurance,Desktop,Phrase,1673,80,203.2,2.54
2025-08-25,health_insurance,Desktop,Broad,860,52,120.12,2.31
2025-08-25,health_insurance,Smartphone,Exact,1559,71,290.39,4.09
2025-08-25,health_insurance,Smartphone,Phrase,1235,63,105.84,1.68
2025-08-25,health_insurance,Smartphone,Broad,275,23,36.57,1.59
2025-08-25,health_insurance,Tablet,Exact,539,31,164.61,5.31
2025-08-25,health_insurance,Tablet,Phrase,849,36,64.8,1.8
2025-08-25,health_insurance,Tablet,Broad,131,8,10.08,1.26
2025-08-25,private_insurance,Desktop,Exact,1028,55,163.35,2.97
2025-08-25,private_insurance,Desktop,Phrase,600,75,171.75,2.29
2025-08-25,private_insurance,Desktop,Broad,814,45,90.9,2.02
2025-08-25,private_insurance,Smartphone,Exact,813,59,243.67,4.13
2025-08-25,private_insurance,Smartphone,Phrase,708,53,177.55,3.35
2025-08-25,private_insurance,Smartphone,Broad,204,20,44.2,2.21
2025-08-25,private_insurance,Tablet,Exact,119,9,49.05,5.45
2025-08-25,private_insurance,Tablet,Phrase,182,12,46.32,3.86
2025-08-25,private_insurance,Tablet,Broad,951,39,56.16,1.44
2025-08-25,general_insurance,Desktop,Exact,514,59,171.69,2.91
2025-08-25,general_insurance,Desktop,Phrase,919,49,121.03,2.47
2025-08-25,general_insurance,Desktop,Broad,899,83,67.23,0.81
2025-08-25,general_insurance,Smartphone,Exact,333,30,166.8,5.56
2025-08-25,general_insurance,Smartphone,Phrase,797,33,112.2,3.4
2025-08-25,general_insurance,Smartphone,Broad,704,56,134.4,2.4
2025-08-25,general_insurance,Tablet,Exact,97,10,60.0,6.0
2025-08-25,general_insurance,Tablet,Phrase,636,28,68.88,2.46
2025-08-25,general_insurance,Tablet,Broad,525,28,27.72,0.99
2025-09-01,health_insurance,Desktop,Exact,615,28,110.88,3.96
2025-09-01,health_insurance,Desktop,Phrase,744,52,171.6,3.3
2025-09-01,health_insurance,Desktop,Broad,1400,61,97.6,1.6
2025-09-01,health_insurance,Smartphone,Exact,794,54,142.02,2.63
2025-09-01,health_insurance,Smartphone,Phrase,349,17,53.21,3.13
2025-09-01,health_insurance,Smartphone,Broad,328,37,91.02,2.46
2025-09-01,health_insurance,Tablet,Exact,204,18,90.0,5.0
2025-09-01,health_insurance,Tablet,Phrase,213,15,33.3,2.22
2025-09-01,health_insurance,Tablet,Broad,702,33,72.6,2.2
2025-09-01,private_insurance,Desktop,Exact,1776,80,275.2,3.44
2025-09-01,private_insurance,Desktop,Phrase,1667,71,149.1,2.1
2025-09-01,private_insurance,Desktop,Broad,141,14,11.62,0.83
2025-09-01,private_insurance,Smartphone,Exact,389,19,49.59,2.61
2025-09-01,private_insurance,Smartphone,Phrase,325,26,98.02,3.77
2025-09-01,private_insurance,Smartphone,Broad,926,38,60.42,1.59
2025-09-01,private_insurance,Tablet,Exact,712,34,132.26,3.89
2025-09-01,private_insurance,Tablet,Phrase,211,18,39.06,2.17
2025-09-01,private_insurance,Tablet,Broad,586,33,74.58,2.26
2025-09-01,general_insurance,Desktop,Exact,1433,66,343.2,5.2
2025-09-01,general_insurance,Desktop,Phrase,847,55,107.25,1.95
2025-09-01,general_insurance,Desktop,Broad,739,44,92.84,2.11
2025-09-01,general_insurance,Smartphone,Exact,529,66,250.8,3.8
2025-09-01,general_insurance,Smartphone,Phrase,900,52,164.32,3.16
2025-09-01,general_insurance,Smartphone,Broad,1396,60,50.4,0.84
2025-09-01,general_insurance,Tablet,Exact,355,27,105.03,3.89
2025-09-01,general_insurance,Tablet,Phrase,909,38,124.64,3.28
2025-09-01,general_insurance,Tablet,Broad,162,18,28.8,1.6
2025-09-08,health_insurance,Desktop,Exact,1651,68,183.6,2.7
2025-09-08,health_insurance,Desktop,Phrase,391,23,48.3,2.1
2025-09-08,health_insurance,Desktop,Broad,1333,76,144.4,1.9
2025-09-08,health_insurance,Smartphone,Exact,366,31,117.18,3.78
2025-09-08,health_insurance,Smartphone,Phrase,1404,66,201.96,3.06
2025-09-08,health_insurance,Smartphone,Broad,1333,54,68.58,1.27
2025-09-08,health_insurance,Tablet,Exact,739,38,146.68,3.86
2025-09-08,health_insurance,Tablet,Phrase,873,37,87.32,2.36
2025-09-08,health_insurance,Tablet,Broad,717,31,49.6,1.6
2025-09-08,private_insurance,Desktop,Exact,745,71,193.12,2.72
2025-09-08,private_insurance,Desktop,Phrase,214,18,49.32,2.74
2025-09-08,private_insurance,Desktop,Broad,1063,81,122.31,1.51
2025-09-08,private_insurance,Smartphone,Exact,579,24,89.76,3.74
2025-09-08,private_insurance,Smartphone,Phrase,696,55,92.95,1.69
2025-09-08,private_insurance,Smartphone,Broad,1227,71,112.18,1.58
2025-09-08,private_insurance,Tablet,Exact,192,11,45.21,4.11
2025-09-08,private_insurance,Tablet,Phrase,80,7,18.27,2.61
2025-09-08,private_insurance,Tablet,Broad,523,21,21.63,1.03
2025-09-08,general_insurance,Desktop,Exact,920,76,417.24,5.49
2025-09-08,general_insurance,Desktop,Phrase,1919,102,180.54,1.77
2025-09-08,general_insurance,Desktop,Broad,1790,74,110.26,1.49
2025-09-08,general_insurance,Smartphone,Exact,881,71,318.79,4.49
2025-09-08,general_insurance,Smartphone,Phrase,249,27,80.46,2.98
2025-09-08,general_insurance,Smartphone,Broad,773,35,28.7,0.82
2025-09-08,general_insurance,Tablet,Exact,456,19,107.92,5.68
2025-09-08,general_insurance,Tablet,Phrase,639,26,72.8,2.8
2025-09-08,general_insurance,Tablet,Broad,128,8,8.56,1.07
2025-09-15,health_insurance,Desktop,Exact,2043,96,393.6,4.1
2025-09-15,health_insurance,Desktop,Phrase,554,68,104.04,1.53
2025-09-15,health_insurance,Desktop,Broad,901,48,57.12,1.19
2025-09-15,health_insurance,Smartphone,Exact,1143,51,185.13,3.63
2025-09-15,health_insurance,Smartphone,Phrase,871,57,99.18,1.74
2025-09-15,health_insurance,Smartphone,Broad,608,76,176.32,2.32
2025-09-15,health_insurance,Tablet,Exact,223,9,27.36,3.04
2025-09-15,health_insurance,Tablet,Phrase,184,21,83.58,3.98
2025-09-15,health_insurance,Tablet,Broad,791,38,55.86,1.47
2025-09-15,private_insurance,Desktop,Exact,886,57,153.9,2.7
2025-09-15,private_insurance,Desktop,Phrase,404,33,114.51,3.47
2025-09-15,private_insurance,Desktop,Broad,1533,80,112.8,1.41
2025-09-15,private_insurance,Smartphone,Exact,236,10,31.7,3.17
2025-09-15,private_insurance,Smartphone,Phrase,394,19,68.4,3.6
2025-09-15,private_insurance,Smartphone,Broad,153,14,12.04,0.86
2025-09-15,private_insurance,Tablet,Exact,447,25,145.75,5.83
2025-09-15,private_insurance,Tablet,Phrase,152,10,29.1,2.91
2025-09-15,private_insurance,Tablet,Broad,177,17,37.91,2.23
2025-09-15,general_insurance,Desktop,Exact,1611,72,407.52,5.66
2025-09-15,general_insurance,Desktop,Phrase,382,18,45.9,2.55
2025-09-15,general_insurance,Desktop,Broad,355,31,53.63,1.73
2025-09-15,general_insurance,Smartphone,Exact,231,17,53.55,3.15
2025-09-15,general_insurance,Smartphone,Phrase,506,55,111.1,2.02
2025-09-15,general_insurance,Smartphone,Broad,1767,77,100.1,1.3
2025-09-15,general_insurance,Tablet,Exact,108,5,19.65,3.93
2025-09-15,general_insurance,Tablet,Phrase,488,24,38.88,1.62
2025-09-15,general_insurance,Tablet,Broad,352,16,22.4,1.4
2025-09-22,health_insurance,Desktop,Exact,944,55,306.35,5.57
2025-09-22,health_insurance,Desktop,Phrase,601,41,157.03,3.83
2025-09-22,health_insurance,Desktop,Broad,640,80,168.0,2.1
2025-09-22,health_insurance,Smartphone,Exact,616,69,298.77,4.33
2025-09-22,health_insurance,Smartphone,Phrase,217,19,38.0,2.0
2025-09-22,health_insurance,Smartphone,Broad,1610,70,107.8,1.54
2025-09-22,health_insurance,Tablet,Exact,371,28,88.76,3.17
2025-09-22,health_insurance,Tablet,Phrase,493,22,73.7,3.35
2025-09-22,health_insurance,Tablet,Broad,446,33,43.23,1.31
2025-09-22,private_insurance,Desktop,Exact,555,44,148.72,3.38
2025-09-22,private_insurance,Desktop,Phrase,1983,85,206.55,2.43
2025-09-22,private_insurance,Desktop,Broad,1299,62,72.54,1.17
2025-09-22,private_insurance,Smartphone,Exact,1211,63,287.91,4.57
2025-09-22,private_insurance,Smartphone,Phrase,1415,68,172.72,2.54
2025-09-22,private_insurance,Smartphone,Broad,872,41,44.28,1.08
2025-09-22,private_insurance,Tablet,Exact,168,9,30.96,3.44
2025-09-22,private_insurance,Tablet,Phrase,169,13,39.0,3.0
2025-09-22,private_insurance,Tablet,Broad,297,17,17.34,1.02
2025-09-22,general_insurance,Desktop,Exact,1048,96,478.08,4.98
2025-09-22,general_insurance,Desktop,Phrase,1953,97,314.28,3.24
2025-09-22,general_insurance,Desktop,Broad,2020,102,241.74,2.37
2025-09-22,general_insurance,Smartphone,Exact,665,48,263.04,5.48
2025-09-22,general_insurance,Smartphone,Phrase,486,43,151.36,3.52
2025-09-22,general_insurance,Smartphone,Broad,424,22,25.52,1.16
2025-09-22,general_insurance,Tablet,Exact,126,6,17.52,2.92
2025-09-22,general_insurance,Tablet,Phrase,485,28,72.52,2.59
2025-09-22,general_insurance,Tablet,Broad,631,38,61.56,1.62
2025-09-29,health_insurance,Desktop,Exact,842,100,385.0,3.85
2025-09-29,health_insurance,Desktop,Phrase,1137,57,87.21,1.53
2025-09-29,health_insurance,Desktop,Broad,280,29,64.67,2.23
2025-09-29,health_insurance,Smartphone,Exact,1360,68,289.0,4.25
2025-09-29,health_insurance,Smartphone,Phrase,887,58,165.3,2.85
2025-09-29,health_insurance,Smartphone,Broad,1767,78,157.56,2.02
2025-09-29,health_insurance,Tablet,Exact,221,11,64.57,5.87
2025-09-29,health_insurance,Tablet,Phrase,143,14,34.86,2.49
2025-09-29,health_insurance,Tablet,Broad,260,14,27.3,1.95
2025-09-29,private_insurance,Desktop,Exact,272,14,77.7,5.55
2025-09-29,private_insurance,Desktop,Phrase,478,20,45.6,2.28
2025-09-29,private_insurance,Desktop,Broad,597,32,79.04,2.47
2025-09-29,private_insurance,Smartphone,Exact,277,21,73.71,3.51
2025-09-29,private_insurance,Smartphone,Phrase,860,36,91.08,2.53
2025-09-29,private_insurance,Smartphone,Broad,208,14,28.7,2.05
2025-09-29,private_insurance,Tablet,Exact,320,34,127.5,3.75
2025-09-29,private_insurance,Tablet,Phrase,129,14,44.66,3.19
2025-09-29,private_insurance,Tablet,Broad,691,28,40.6,1.45
2025-09-29,general_insurance,Desktop,Exact,807,81,410.67,5.07
2025-09-29,general_insurance,Desktop,Phrase,655,36,124.56,3.46
2025-09-29,general_insurance,Desktop,Broad,469,37,46.99,1.27
2025-09-29,general_insurance,Smartphone,Exact,1033,66,167.64,2.54
2025-09-29,general_insurance,Smartphone,Phrase,450,26,45.76,1.76
2025-09-29,general_insurance,Smartphone,Broad,760,37,55.13,1.49
2025-09-29,general_insurance,Tablet,Exact,420,25,80.5,3.22
2025-09-29,general_insurance,Tablet,Phrase,97,6,12.06,2.01
2025-09-29,general_insurance,Tablet,Broad,95,5,6.45,1.29
2025-10-06,health_insurance,Desktop,Exact,724,40,120.0,3.0
2025-10-06,health_insurance,Desktop,Phrase,448,49,186.69,3.81
2025-10-06,health_insurance,Desktop,Broad,1181,65,62.4,0.96
2025-10-06,health_insurance,Smartphone,Exact,619,75,258.0,3.44
2025-10-06,health_insurance,Smartphone,Phrase,1336,76,184.68,2.43
2025-10-06,health_insurance,Smartphone,Broad,965,57,102.03,1.79
2025-10-06,health_insurance,Tablet,Exact,772,34,156.06,4.59
2025-10-06,health_insurance,Tablet,Phrase,578,37,66.23,1.79
2025-10-06,health_insurance,Tablet,Broad,636,31,74.71,2.41
2025-10-06,private_insurance,Desktop,Exact,1563,74,186.48,2.52
2025-10-06,private_insurance,Desktop,Phrase,746,50,160.0,3.2
2025-10-06,private_insurance,Desktop,Broad,861,70,125.3,1.79
2025-10-06,private_insurance,Smartphone,Exact,528,45,260.55,5.79
2025-10-06,private_insurance,Smartphone,Phrase,1068,55,108.35,1.97
2025-10-06,private_insurance,Smartphone,Broad,938,57,110.01,1.93
2025-10-06,private_insurance,Tablet,Exact,172,18,72.36,4.02
2025-10-06,private_insurance,Tablet,Phrase,210,17,44.03,2.59
2025-10-06,private_insurance,Tablet,Broad,324,18,14.76,0.82
2025-10-06,general_insurance,Desktop,Exact,640,33,145.53,4.41
2025-10-06,general_insurance,Desktop,Phrase,726,76,250.04,3.29
2025-10-06,general_insurance,Desktop,Broad,963,41,36.49,0.89
2025-10-06,general_insurance,Smartphone,Exact,595,72,270.0,3.75
2025-10-06,general_insurance,Smartphone,Phrase,471,52,110.24,2.12
2025-10-06,general_insurance,Smartphone,Broad,816,70,106.4,1.52
2025-10-06,general_insurance,Tablet,Exact,196,21,102.06,4.86
2025-10-06,general_insurance,Tablet,Phrase,645,28,65.24,2.33
2025-10-06,general_insurance,Tablet,Broad,179,14,22.96,1.64
2025-10-13,health_insurance,Desktop,Exact,1187,71,276.19,3.89
2025-10-13,health_insurance,Desktop,Phrase,314,22,36.74,1.67
2025-10-13,health_insurance,Desktop,Broad,259,19,41.04,2.16
2025-10-13,health_insurance,Smartphone,Exact,1602,69,261.51,3.79
2025-10-13,health_insurance,Smartphone,Phrase,384,18,28.62,1.59
2025-10-13,health_insurance,Smartphone,Broad,134,11,20.57,1.87
2025-10-13,health_insurance,Tablet,Exact,560,34,184.28,5.42
2025-10-13,health_insurance,Tablet,Phrase,347,23,79.58,3.46
2025-10-13,health_insurance,Tablet,Broad,559,36,46.8,1.3
2025-10-13,private_insurance,Desktop,Exact,1532,85,272.0,3.2
2025-10-13,private_insurance,Desktop,Phrase,326,20,32.8,1.64
2025-10-13,private_insurance,Desktop,Broad,1277,100,116.0,1.16
2025-10-13,private_insurance,Smartphone,Exact,229,12,47.16,3.93
2025-10-13,private_insurance,Smartphone,Phrase,99,10,38.1,3.81
2025-10-13,private_insurance,Smartphone,Broad,423,38,34.96,0.92
2025-10-13,private_insurance,Tablet,Exact,303,15,76.65,5.11
2025-10-13,private_insurance,Tablet,Phrase,276,28,89.88,3.21
2025-10-13,private_insurance,Tablet,Broad,924,39,31.59,0.81
2025-10-13,general_insurance,Desktop,Exact,786,46,197.8,4.3
2025-10-13,general_insurance,Desktop,Phrase,362,39,131.04,3.36
2025-10-13,general_insurance,Desktop,Broad,513,44,97.24,2.21
2025-10-13,general_insurance,Smartphone,Exact,867,64,373.12,5.83
2025-10-13,general_insurance,Smartphone,Phrase,1391,58,160.08,2.76
2025-10-13,general_insurance,Smartphone,Broad,1218,70,102.9,1.47
2025-10-13,general_insurance,Tablet,Exact,371,22,81.84,3.72
2025-10-13,general_insurance,Tablet,Phrase,155,7,22.33,3.19
2025-10-13,general_insurance,Tablet,Broad,312,38,57.0,1.5
2025-10-20,health_insurance,Desktop,Exact,734,49,201.39,4.11
2025-10-20,health_insurance,Desktop,Phrase,630,53,171.19,3.23
2025-10-20,health_insurance,Desktop,Broad,844,41,62.73,1.53
2025-10-20,health_insurance,Smartphone,Exact,1606,75,327.0,4.36
2025-10-20,health_insurance,Smartphone,Phrase,429,31,88.35,2.85
2025-10-20,health_insurance,Smartphone,Broad,496,41,94.71,2.31
2025-10-20,health_insurance,Tablet,Exact,161,9,42.48,4.72
2025-10-20,health_insurance,Tablet,Phrase,384,21,58.8,2.8
2025-10-20,health_insurance,Tablet,Broad,351,24,21.6,0.9
2025-10-20,private_insurance,Desktop,Exact,746,36,132.12,3.67
2025-10-20,private_insurance,Desktop,Phrase,733,42,127.68,3.04
2025-10-20,private_insurance,Desktop,Broad,1642,72,149.76,2.08
2025-10-20,private_insurance,Smartphone,Exact,1515,76,375.44,4.94
2025-10-20,private_insurance,Smartphone,Phrase,1004,74,148.74,2.01
2025-10-20,private_insurance,Smartphone,Broad,412,22,50.16,2.28
2025-10-20,private_insurance,Tablet,Exact,555,28,162.68,5.81
2025-10-20,private_insurance,Tablet,Phrase,556,36,137.88,3.83
2025-10-20,private_insurance,Tablet,Broad,169,17,28.39,1.67
2025-10-20,general_insurance,Desktop,Exact,516,45,253.35,5.63
2025-10-20,general_insurance,Desktop,Phrase,1590,75,291.0,3.88
2025-10-20,general_insurance,Desktop,Broad,843,92,197.8,2.15
2025-10-20,general_insurance,Smartphone,Exact,224,12,53.52,4.46
2025-10-20,general_insurance,Smartphone,Phrase,942,41,134.89,3.29
2025-10-20,general_insurance,Smartphone,Broad,1077,63,127.89,2.03
2025-10-20,general_insurance,Tablet,Exact,845,37,152.81,4.13
2025-10-20,general_insurance,Tablet,Phrase,341,25,67.75,2.71
2025-10-20,general_insurance,Tablet,Broad,428,19,21.09,1.11
2025-10-27,health_insurance,Desktop,Exact,575,70,294.0,4.2
2025-10-27,health_insurance,Desktop,Phrase,1537,71,175.37,2.47
2025-10-27,health_insurance,Desktop,Broad,899,78,99.84,1.28
2025-10-27,health_insurance,Smartphone,Exact,248,17,94.69,5.57
2025-10-27,health_insurance,Smartphone,Phrase,1479,66,221.76,3.36
2025-10-27,health_insurance,Smartphone,Broad,1033,66,163.02,2.47
2025-10-27,health_insurance,Tablet,Exact,322,27,160.92,5.96
2025-10-27,health_insurance,Tablet,Phrase,530,38,77.9,2.05
2025-10-27,health_insurance,Tablet,Broad,720,36,65.88,1.83
2025-10-27,private_insurance,Desktop,Exact,324,16,65.92,4.12
2025-10-27,private_insurance,Desktop,Phrase,962,50,102.0,2.04
2025-10-27,private_insurance,Desktop,Broad,1405,75,107.25,1.43
2025-10-27,private_insurance,Smartphone,Exact,617,70,200.2,2.86
2025-10-27,private_insurance,Smartphone,Phrase,806,45,153.9,3.42
2025-10-27,private_insurance,Smartphone,Broad,1053,54,75.6,1.4
2025-10-27,private_insurance,Tablet,Exact,524,36,180.0,5.0
2025-10-27,private_insurance,Tablet,Phrase,131,9,21.33,2.37
2025-10-27,private_insurance,Tablet,Broad,689,33,77.22,2.34
2025-10-27,general_insurance,Desktop,Exact,317,15,60.3,4.02
2025-10-27,general_insurance,Desktop,Phrase,1477,92,173.88,1.89
2025-10-27,general_insurance,Desktop,Broad,407,28,56.28,2.01
2025-10-27,general_insurance,Smartphone,Exact,1237,68,214.2,3.15
2025-10-27,general_insurance,Smartphone,Phrase,257,11,28.16,2.56
2025-10-27,general_insurance,Smartphone,Broad,926,53,109.71,2.07
2025-10-27,general_insurance,Tablet,Exact,77,5,14.85,2.97
2025-10-27,general_insurance,Tablet,Phrase,344,16,50.4,3.15
2025-10-27,general_insurance,Tablet,Broad,437,35,69.3,1.98
2025-11-03,health_insurance,Desktop,Exact,721,61,312.32,5.12
2025-11-03,health_insurance,Desktop,Phrase,1111,70,249.2,3.56
2025-11-03,health_insurance,Desktop,Broad,616,28,53.48,1.91
2025-11-03,health_insurance,Smartphone,Exact,1316,62,331.7,5.35
2025-11-03,health_insurance,Smartphone,Phrase,683,32,126.72,3.96
2025-11-03,health_insurance,Smartphone,Broad,358,42,64.26,1.53
2025-11-03,health_insurance,Tablet,Exact,542,36,123.12,3.42
2025-11-03,health_insurance,Tablet,Phrase,411,22,78.32,3.56
2025-11-03,health_insurance,Tablet,Broad,364,27,52.11,1.93
2025-11-03,private_insurance,Desktop,Exact,1406,84,268.8,3.2
2025-11-03,private_insurance,Desktop,Phrase,947,49,126.91,2.59
2025-11-03,private_insurance,Desktop,Broad,428,35,78.4,2.24
2025-11-03,private_insurance,Smartphone,Exact,1539,63,313.11,4.97
2025-11-03,private_insurance,Smartphone,Phrase,487,36,144.0,4.0
2025-11-03,private_insurance,Smartphone,Broad,778,40,86.4,2.16
2025-11-03,private_insurance,Tablet,Exact,460,38,227.62,5.99
2025-11-03,private_insurance,Tablet,Phrase,160,12,27.12,2.26
2025-11-03,private_insurance,Tablet,Broad,310,22,18.48,0.84
2025-11-03,general_insurance,Desktop,Exact,1078,81,362.88,4.48
2025-11-03,general_insurance,Desktop,Phrase,611,74,168.72,2.28
2025-11-03,general_insurance,Desktop,Broad,967,52,109.2,2.1
2025-11-03,general_insurance,Smartphone,Exact,684,41,121.36,2.96
2025-11-03,general_insurance,Smartphone,Phrase,1247,67,194.97,2.91
2025-11-03,general_insurance,Smartphone,Broad,174,19,27.74,1.46
2025-11-03,general_insurance,Tablet,Exact,294,19,97.85,5.15
2025-11-03,general_insurance,Tablet,Phrase,416,35,86.45,2.47
2025-11-03,general_insurance,Tablet,Broad,229,16,23.04,1.44
2025-11-10,health_insurance,Desktop,Exact,556,48,208.8,4.35
2025-11-10,health_insurance,Desktop,Phrase,1279,78,203.58,2.61
2025-11-10,health_insurance,Desktop,Broad,1193,66,133.32,2.02
2025-11-10,health_insurance,Smartphone,Exact,798,41,167.69,4.09
2025-11-10,health_insurance,Smartphone,Phrase,631,64,234.24,3.66
2025-11-10,health_insurance,Smartphone,Broad,267,30,56.1,1.87
2025-11-10,health_insurance,Tablet,Exact,646,34,167.96,4.94
2025-11-10,health_insurance,Tablet,Phrase,282,15,28.35,1.89
2025-11-10,health_insurance,Tablet,Broad,68,6,9.0,1.5
2025-11-10,private_insurance,Desktop,Exact,774,40,163.6,4.09
2025-11-10,private_insurance,Desktop,Phrase,591,71,136.32,1.92
2025-11-10,private_insurance,Desktop,Broad,1074,54,99.36,1.84
2025-11-10,private_insurance,Smartphone,Exact,412,21,85.89,4.09
2025-11-10,private_insurance,Smartphone,Phrase,766,47,133.48,2.84
2025-11-10,private_insurance,Smartphone,Broad,390,22,23.32,1.06
2025-11-10,private_insurance,Tablet,Exact,662,37,211.64,5.72
2025-11-10,private_insurance,Tablet,Phrase,478,24,71.76,2.99
2025-11-10,private_insurance,Tablet,Broad,179,19,28.88,1.52
2025-11-10,general_insurance,Desktop,Exact,1593,83,463.97,5.59
2025-11-10,general_insurance,Desktop,Phrase,491,20,55.0,2.75
2025-11-10,general_insurance,Desktop,Broad,1725,84,94.92,1.13
2025-11-10,general_insurance,Smartphone,Exact,513,44,140.8,3.2
2025-11-10,general_insurance,Smartphone,Phrase,1478,66,175.56,2.66
2025-11-10,general_insurance,Smartphone,Broad,446,29,40.31,1.39
2025-11-10,general_insurance,Tablet,Exact,224,10,53.6,5.36
2025-11-10,general_insurance,Tablet,Phrase,276,19,32.49,1.71
2025-11-10,general_insurance,Tablet,Broad,314,29,43.79,1.51
2025-11-17,health_insurance,Desktop,Exact,888,37,99.53,2.69
2025-11-17,health_insurance,Desktop,Phrase,556,53,101.76,1.92
2025-11-17,health_insurance,Desktop,Broad,162,15,37.2,2.48
2025-11-17,health_insurance,Smartphone,Exact,521,49,123.97,2.53
2025-11-17,health_insurance,Smartphone,Phrase,261,20,46.4,2.32
2025-11-17,health_insurance,Smartphone,Broad,803,65,66.3,1.02
2025-11-17,health_insurance,Tablet,Exact,381,29,108.46,3.74
2025-11-17,health_insurance,Tablet,Phrase,478,22,44.66,2.03
2025-11-17,health_insurance,Tablet,Broad,891,36,33.48,0.93
2025-11-17,private_insurance,Desktop,Exact,525,40,168.0,4.2
2025-11-17,private_insurance,Desktop,Phrase,733,71,249.21,3.51
2025-11-17,private_insurance,Desktop,Broad,250,24,39.84,1.66
2025-11-17,private_insurance,Smartphone,Exact,863,53,183.38,3.46
2025-11-17,private_insurance,Smartphone,Phrase,643,26,67.6,2.6
2025-11-17,private_insurance,Smartphone,Broad,844,66,133.32,2.02
2025-11-17,private_insurance,Tablet,Exact,125,9,28.53,3.17
2025-11-17,private_insurance,Tablet,Phrase,275,13,41.21,3.17
2025-11-17,private_insurance,Tablet,Broad,105,12,13.68,1.14
2025-11-17,general_insurance,Desktop,Exact,1302,62,277.14,4.47
2025-11-17,general_insurance,Desktop,Phrase,713,63,153.09,2.43
2025-11-17,general_insurance,Desktop,Broad,1830,93,162.75,1.75
2025-11-17,general_insurance,Smartphone,Exact,1560,69,259.44,3.76
2025-11-17,general_insurance,Smartphone,Phrase,536,27,48.87,1.81
2025-11-17,general_insurance,Smartphone,Broad,689,68,142.8,2.1
2025-11-17,general_insurance,Tablet,Exact,240,11,61.71,5.61
2025-11-17,general_insurance,Tablet,Phrase,124,7,20.44,2.92
2025-11-17,general_insurance,Tablet,Broad,130,11,20.9,1.9
2025-11-24,health_insurance,Desktop,Exact,1277,62,357.12,5.76
2025-11-24,health_insurance,Desktop,Phrase,1558,88,162.8,1.85
2025-11-24,health_insurance,Desktop,Broad,937,80,101.6,1.27
2025-11-24,health_insurance,Smartphone,Exact,551,31,142.91,4.61
2025-11-24,health_insurance,Smartphone,Phrase,1020,71,132.06,1.86
2025-11-24,health_insurance,Smartphone,Broad,180,19,26.98,1.42
2025-11-24,health_insurance,Tablet,Exact,514,29,146.45,5.05
2025-11-24,health_insurance,Tablet,Phrase,758,39,75.66,1.94
2025-11-24,health_insurance,Tablet,Broad,421,25,30.75,1.23
2025-11-24,private_insurance,Desktop,Exact,743,40,205.2,5.13
2025-11-24,private_insurance,Desktop,Phrase,1231,66,229.68,3.48
2025-11-24,private_insurance,Desktop,Broad,1411,81,101.25,1.25
2025-11-24,private_insurance,Smartphone,Exact,312,26,91.78,3.53
2025-11-24,private_insurance,Smartphone,Phrase,368,32,71.36,2.23
2025-11-24,private_insurance,Smartphone,Broad,551,68,122.4,1.8
2025-11-24,private_insurance,Tablet,Exact,191,18,92.88,5.16
2025-11-24,private_insurance,Tablet,Phrase,83,5,17.0,3.4
2025-11-24,private_insurance,Tablet,Broad,400,19,47.5,2.5
2025-11-24,general_insurance,Desktop,Exact,587,28,136.08,4.86
2025-11-24,general_insurance,Desktop,Phrase,983,83,258.96,3.12
2025-11-24,general_insurance,Desktop,Broad,516,31,72.85,2.35
2025-11-24,general_insurance,Smartphone,Exact,532,62,166.16,2.68
2025-11-24,general_insurance,Smartphone,Phrase,998,42,152.46,3.63
2025-11-24,general_insurance,Smartphone,Broad,208,10,21.5,2.15
2025-11-24,general_insurance,Tablet,Exact,143,9,33.12,3.68
2025-11-24,general_insurance,Tablet,Phrase,781,33,65.01,1.97
2025-11-24,general_insurance,Tablet,Broad,216,10,14.5,1.45
2025-12-01,health_insurance,Desktop,Exact,1625,92,247.48,2.69
2025-12-01,health_insurance,Desktop,Phrase,576,33,66.99,2.03
2025-12-01,health_insurance,Desktop,Broad,918,63,149.94,2.38
2025-12-01,health_insurance,Smartphone,Exact,1223,59,212.99,3.61
2025-12-01,health_insurance,Smartphone,Phrase,806,63,108.36,1.72
2025-12-01,health_insurance,Smartphone,Broad,272,20,26.0,1.3
2025-12-01,health_insurance,Tablet,Exact,882,37,179.08,4.84
2025-12-01,health_insurance,Tablet,Phrase,343,18,53.82,2.99
2025-12-01,health_insurance,Tablet,Broad,717,32,42.88,1.34
2025-12-01,private_insurance,Desktop,Exact,1213,59,330.4,5.6
2025-12-01,private_insurance,Desktop,Phrase,1828,75,165.0,2.2
2025-12-01,private_insurance,Desktop,Broad,1361,79,154.05,1.95
2025-12-01,private_insurance,Smartphone,Exact,917,69,411.93,5.97
2025-12-01,private_insurance,Smartphone,Phrase,808,65,169.65,2.61
2025-12-01,private_insurance,Smartphone,Broad,1362,57,126.54,2.22
2025-12-01,private_insurance,Tablet,Exact,64,6,19.14,3.19
2025-12-01,private_insurance,Tablet,Phrase,151,12,39.36,3.28
2025-12-01,private_insurance,Tablet,Broad,258,11,17.16,1.56
2025-12-01,general_insurance,Desktop,Exact,1568,98,329.28,3.36
2025-12-01,general_insurance,Desktop,Phrase,568,45,140.4,3.12
2025-12-01,general_insurance,Desktop,Broad,975,98,127.4,1.3
2025-12-01,general_insurance,Smartphone,Exact,292,36,96.84,2.69
2025-12-01,general_insurance,Smartphone,Phrase,1251,62,131.44,2.12
2025-12-01,general_insurance,Smartphone,Broad,1383,59,136.88,2.32
2025-12-01,general_insurance,Tablet,Exact,353,28,137.76,4.92
2025-12-01,general_insurance,Tablet,Phrase,511,37,72.52,1.96
2025-12-01,general_insurance,Tablet,Broad,317,29,63.8,2.2
2025-12-08,health_insurance,Desktop,Exact,1473,61,298.29,4.89
2025-12-08,health_insurance,Desktop,Phrase,1481,79,263.07,3.33
2025-12-08,health_insurance,Desktop,Broad,157,18,25.2,1.4
2025-12-08,health_insurance,Smartphone,Exact,1001,56,142.8,2.55
2025-12-08,health_insurance,Smartphone,Phrase,528,30,106.5,3.55
2025-12-08,health_insurance,Smartphone,Broad,479,32,63.68,1.99
2025-12-08,health_insurance,Tablet,Exact,73,9,32.76,3.64
2025-12-08,health_insurance,Tablet,Phrase,338,35,120.75,3.45
2025-12-08,health_insurance,Tablet,Broad,310,31,49.29,1.59
2025-12-08,private_insurance,Desktop,Exact,1829,101,276.74,2.74
2025-12-08,private_insurance,Desktop,Phrase,1774,96,312.0,3.25
2025-12-08,private_insurance,Desktop,Broad,253,26,44.2,1.7
2025-12-08,private_insurance,Smartphone,Exact,877,72,321.12,4.46
2025-12-08,private_insurance,Smartphone,Phrase,931,67,172.86,2.58
2025-12-08,private_insurance,Smartphone,Broad,790,40,35.6,0.89
2025-12-08,private_insurance,Tablet,Exact,794,32,104.32,3.26
2025-12-08,private_insurance,Tablet,Phrase,89,5,10.65,2.13
2025-12-08,private_insurance,Tablet,Broad,640,31,72.23,2.33
2025-12-08,general_insurance,Desktop,Exact,558,40,166.8,4.17
2025-12-08,general_insurance,Desktop,Phrase,195,22,41.8,1.9
2025-12-08,general_insurance,Desktop,Broad,446,28,26.32,0.94
2025-12-08,general_insurance,Smartphone,Exact,635,54,293.76,5.44
2025-12-08,general_insurance,Smartphone,Phrase,1466,70,205.8,2.94
2025-12-08,general_insurance,Smartphone,Broad,289,22,34.76,1.58
2025-12-08,general_insurance,Tablet,Exact,430,22,56.32,2.56
2025-12-08,general_insurance,Tablet,Phrase,562,33,105.93,3.21
2025-12-08,general_insurance,Tablet,Broad,226,17,40.63,2.39
2025-12-15,health_insurance,Desktop,Exact,364,19,58.14,3.06
2025-12-15,health_insurance,Desktop,Phrase,832,35,81.55,2.33
2025-12-15,health_insurance,Desktop,Broad,337,28,33.04,1.18
2025-12-15,health_insurance,Smartphone,Exact,574,24,111.36,4.64
2025-12-15,health_insurance,Smartphone,Phrase,617,44,74.36,1.69
2025-12-15,health_insurance,Smartphone,Broad,975,44,65.56,1.49
2025-12-15,health_insurance,Tablet,Exact,229,16,74.24,4.64
2025-12-15,health_insurance,Tablet,Phrase,406,29,51.04,1.76
2025-12-15,health_insurance,Tablet,Broad,188,11,18.7,1.7
2025-12-15,private_insurance,Desktop,Exact,868,59,162.25,2.75
2025-12-15,private_insurance,Desktop,Phrase,849,100,289.0,2.89
2025-12-15,private_insurance,Desktop,Broad,484,32,27.84,0.87
2025-12-15,private_insurance,Smartphone,Exact,742,37,159.47,4.31
2025-12-15,private_insurance,Smartphone,Phrase,198,12,24.96,2.08
2025-12-15,private_insurance,Smartphone,Broad,692,52,65.0,1.25
2025-12-15,private_insurance,Tablet,Exact,883,37,207.2,5.6
2025-12-15,private_insurance,Tablet,Phrase,315,33,72.93,2.21
2025-12-15,private_insurance,Tablet,Broad,276,13,11.31,0.87
2025-12-15,general_insurance,Desktop,Exact,1364,62,313.72,5.06
2025-12-15,general_insurance,Desktop,Phrase,569,70,220.5,3.15
2025-12-15,general_insurance,Desktop,Broad,1287,84,188.16,2.24
2025-12-15,general_insurance,Smartphone,Exact,214,13,67.47,5.19
2025-12-15,general_insurance,Smartphone,Phrase,467,27,57.24,2.12
2025-12-15,general_insurance,Smartphone,Broad,130,15,20.25,1.35
2025-12-15,general_insurance,Tablet,Exact,764,38,205.2,5.4
2025-12-15,general_insurance,Tablet,Phrase,71,6,13.86,2.31
2025-12-15,general_insurance,Tablet,Broad,153,7,15.82,2.26
2025-12-22,health_insurance,Desktop,Exact,843,57,331.17,5.81
2025-12-22,health_insurance,Desktop,Phrase,552,26,68.64,2.64
2025-12-22,health_insurance,Desktop,Broad,441,23,42.09,1.83
2025-12-22,health_insurance,Smartphone,Exact,646,27,78.84,2.92
2025-12-22,health_insurance,Smartphone,Phrase,738,32,53.12,1.66
2025-12-22,health_insurance,Smartphone,Broad,1348,78,102.96,1.32
2025-12-22,health_insurance,Tablet,Exact,194,19,99.18,5.22
2025-12-22,health_insurance,Tablet,Phrase,345,17,59.33,3.49
2025-12-22,health_insurance,Tablet,Broad,715,33,45.54,1.38
2025-12-22,private_insurance,Desktop,Exact,802,44,212.08,4.82
2025-12-22,private_insurance,Desktop,Phrase,201,24,49.92,2.08
2025-12-22,private_insurance,Desktop,Broad,513,39,93.99,2.41
2025-12-22,private_insurance,Smartphone,Exact,928,73,254.04,3.48
2025-12-22,private_insurance,Smartphone,Phrase,593,51,194.82,3.82
2025-12-22,private_insurance,Smartphone,Broad,366,25,44.5,1.78
2025-12-22,private_insurance,Tablet,Exact,278,34,154.36,4.54
2025-12-22,private_insurance,Tablet,Phrase,556,28,59.36,2.12
2025-12-22,private_insurance,Tablet,Broad,834,34,50.32,1.48
2025-12-22,general_insurance,Desktop,Exact,239,14,38.08,2.72
2025-12-22,general_insurance,Desktop,Phrase,334,20,36.6,1.83
2025-12-22,general_insurance,Desktop,Broad,1417,93,82.77,0.89
2025-12-22,general_insurance,Smartphone,Exact,614,52,276.64,5.32
2025-12-22,general_insurance,Smartphone,Phrase,1071,45,159.3,3.54
2025-12-22,general_insurance,Smartphone,Broad,618,45,70.65,1.57
2025-12-22,general_insurance,Tablet,Exact,259,19,66.12,3.48
2025-12-22,general_insurance,Tablet,Phrase,465,30,81.9,2.73
2025-12-22,general_insurance,Tablet,Broad,752,38,61.56,1.62
2025-12-29,health_insurance,Desktop,Exact,1400,79,241.74,3.06
2025-12-29,health_insurance,Desktop,Phrase,2207,94,210.56,2.24
2025-12-29,health_insurance,Desktop,Broad,615,49,51.45,1.05
2025-12-29,health_insurance,Smartphone,Exact,456,45,176.85,3.93
2025-12-29,health_insurance,Smartphone,Phrase,231,27,44.28,1.64
2025-12-29,health_insurance,Smartphone,Broad,1169,54,73.98,1.37
2025-12-29,health_insurance,Tablet,Exact,322,26,123.5,4.75
2025-12-29,health_insurance,Tablet,Phrase,199,15,35.1,2.34
2025-12-29,health_insurance,Tablet,Broad,320,14,26.6,1.9
2025-12-29,private_insurance,Desktop,Exact,1468,85,254.15,2.99
2025-12-29,private_insurance,Desktop,Phrase,809,76,189.24,2.49
2025-12-29,private_insurance,Desktop,Broad,507,59,55.46,0.94
2025-12-29,private_insurance,Smartphone,Exact,1318,53,147.34,2.78
2025-12-29,private_insurance,Smartphone,Phrase,173,16,28.64,1.79
2025-12-29,private_insurance,Smartphone,Broad,712,40,76.8,1.92
2025-12-29,private_insurance,Tablet,Exact,866,35,165.55,4.73
2025-12-29,private_insurance,Tablet,Phrase,299,20,61.0,3.05
2025-12-29,private_insurance,Tablet,Broad,96,5,9.25,1.85
2025-12-29,general_insurance,Desktop,Exact,268,32,152.32,4.76
2025-12-29,general_insurance,Desktop,Phrase,1143,52,167.44,3.22
2025-12-29,general_insurance,Desktop,Broad,270,16,29.28,1.83
2025-12-29,general_insurance,Smartphone,Exact,485,21,55.44,2.64
2025-12-29,general_insurance,Smartphone,Phrase,1574,74,231.62,3.13
2025-12-29,general_insurance,Smartphone,Broad,183,11,20.02,1.82
2025-12-29,general_insurance,Tablet,Exact,345,14,41.16,2.94
2025-12-29,general_insurance,Tablet,Phrase,267,26,101.66,3.91
2025-12-29,general_insurance,Tablet,Broad,687,38,74.1,1.95
